Country Name,Country Code,Indicator Name,Indicator Code,1960,1961,1962,1963,1964,1965,1966,1967,1968,1969,1970,1971,1972,1973,1974,1975,1976,1977,1978,1979,1980,1981,1982,1983,1984,1985,1986,1987,1988,1989,1990,1991,1992,1993,1994,1995,1996,1997,1998,1999,2000,2001,2002,2003,2004,2005,2006,2007,2008,2009,2010,2011,2012,2013,2014,2015,2016,2017,2018,2019,2020,2021,2022

Aruba,ABW,Patent applications - nonresidents,IP.PAT.NRES,0,0,0,0,0,0,0,0,0,0,0,0,0,0,0,0,0,0,0,0,0,0,0,0,0,0,0,0,0,0,0,0,0,0,0,0,0,0,0,0,0,0,0,0,0,0,0,0,0,0,0,0,0,0,0,0,0,0,0,0,0,0,0,

Africa Eastern and Southern,AFE,Patent applications - nonresidents,IP.PAT.NRES,0,0,0,0,0,0,0,0,0,0,0,0,0,0,0,0,0,0,0,0,0,0,0,0,0,0,0,0,0,0,0,0,0,0,0,0,0,0,0,0,0,0,0,0,0,0,0,0,0,0,0,0,0,0,0,0,0,0,0,0,0,0,0,

Afghanistan,AFG,Patent applications - nonresidents,IP.PAT.NRES,0,0,0,0,0,0,0,0,0,0,0,0,0,0,0,0,0,0,0,0,0,0,0,0,0,0,0,0,0,0,0,0,0,0,0,0,0,0,0,0,0,0,0,0,0,0,0,0,0,0,0,0,0,0,0,0,0,0,0,0,0,0,0,

Africa Western and Central,AFW,Patent applications - nonresidents,IP.PAT.NRES,0,0,0,0,0,0,0,0,0,0,0,0,0,0,0,0,0,0,0,0,0,0,0,0,0,0,0,0,0,0,0,0,0,0,0,0,0,0,0,0,0,0,0,0,0,0,0,0,0,0,0,0,0,0,0,0,0,0,0,0,0,0,0,

Angola,AGO,Patent applications - nonresidents,IP.PAT.NRES,0,0,0,0,0,0,0,0,0,0,0,0,0,0,0,0,0,0,0,0,0,0,0,0,0,0,0,0,0,0,0,0,2,0,0,0,0,0,0,0,0,0,0,0,0,0,0,0,0,0,0,0,0,0,0,0,0,0,114,108,0,0,0,

Albania,ALB,Patent applications - nonresidents,IP.PAT.NRES,0,0,0,0,0,0,0,0,0,0,0,0,0,0,0,0,0,0,0,0,0,0,0,0,0,0,0,0,0,0,0,0,0,0,0,0,0,9,0,0,0,120,238,391,0,386,0,0,0,361,0,8,0,4,3,5,5,8,3,1,0,0,0,

Andorra,AND,Patent applications - nonresidents,IP.PAT.NRES,0,0,0,0,0,0,0,0,0,0,0,0,0,0,0,0,0,0,0,0,0,0,0,0,0,0,0,0,0,0,0,0,0,0,0,0,0,0,0,0,0,0,0,0,0,0,0,0,0,0,0,0,0,0,0,0,3,6,10,12,5,0,0,

Arab World,ARB,Patent applications - nonresidents,IP.PAT.NRES,0,0,0,0,0,0,0,0,0,0,0,0,0,0,0,0,0,0,0,0,0,0,0,0,0,0,0,0,0,0,0,0,0,0,0,0,0,0,0,0,0,0,0,0,0,0,0,0,0,0,0,0,0,0,0,0,0,0,0,0,0,0,0,

United Arab Emirates,ARE,Patent applications - nonresidents,IP.PAT.NRES,0,0,0,0,0,0,0,0,0,0,0,0,0,0,0,0,0,0,0,0,0,0,0,0,0,0,0,0,0,0,0,0,0,0,0,0,0,0,0,0,0,0,0,0,0,0,0,0,0,0,1263,1318,1327,1402,1438,1714,1642,1733,1723,1843,1869,0,0,

Argentina,ARG,Patent applications - nonresidents,IP.PAT.NRES,0,0,0,0,0,0,0,0,0,0,0,0,0,0,0,0,0,0,0,0,3063,3321,2793,2443,2656,0,0,0,0,0,1955,1851,1919,2261,2820,3588,4012,5035,5459,5558,5574,5088,4143,3765,3816,4215,4597,4806,4781,4336,4165,4133,4078,4129,4173,3579,2925,3050,3242,3260,2562,0,0,

Armenia,ARM,Patent applications - nonresidents,IP.PAT.NRES,0,0,0,0,0,0,0,0,0,0,0,0,0,0,0,0,0,0,0,0,0,0,0,0,0,0,0,0,0,0,0,0,0,30,79,98,154,121,8,16,8,15,7,6,0,2,1,5,4,11,6,19,4,6,2,2,1,3,4,4,7,0,0,

American Samoa,ASM,Patent applications - nonresidents,IP.PAT.NRES,0,0,0,0,0,0,0,0,0,0,0,0,0,0,0,0,0,0,0,0,0,0,0,0,0,0,0,0,0,0,0,0,0,0,0,0,0,0,0,0,0,0,0,0,0,0,0,0,0,0,0,0,0,0,0,0,0,0,0,0,0,0,0,

Antigua and Barbuda,ATG,Patent applications - nonresidents,IP.PAT.NRES,0,0,0,0,0,0,0,0,0,0,0,0,0,0,0,0,0,0,0,0,0,0,0,0,0,0,0,0,0,0,0,0,0,0,0,0,0,0,0,0,0,0,0,0,0,0,0,0,0,0,0,8,7,7,15,10,12,8,5,0,0,0,0,

Australia,AUS,Patent applications - nonresidents,IP.PAT.NRES,0,0,0,0,0,0,0,0,0,0,0,0,0,0,0,0,0,0,0,0,9354,9807,9572,9529,10212,0,0,0,0,0,0,0,0,0,0,12277,13221,15398,16063,17960,20073,20548,20181,19176,20274,21302,23166,24122,23525,21187,22478,23143,23731,26656,23968,26314,25774,26403,27200,27121,26926,0,0,

Austria,AUT,Patent applications - nonresidents,IP.PAT.NRES,0,0,0,0,0,0,0,0,0,0,0,0,0,0,0,0,0,0,0,0,4166,3428,2620,2322,1891,1591,1336,1272,1048,915,670,544,517,513,516,458,449,397,349,341,340,284,329,213,266,235,378,287,329,292,249,276,294,244,271,236,237,232,168,208,173,0,0,

Azerbaijan,AZE,Patent applications - nonresidents,IP.PAT.NRES,0,0,0,0,0,0,0,0,0,0,0,0,0,0,0,0,0,0,0,0,0,0,0,0,0,0,0,0,0,0,0,0,0,0,0,30,17,0,0,0,0,10,7,18,7,6,13,8,7,17,17,12,0,0,0,0,19,22,16,20,18,0,0,

Burundi,BDI,Patent applications - nonresidents,IP.PAT.NRES,0,0,0,0,0,0,0,0,0,0,0,0,0,0,0,0,0,0,0,0,10,5,2,2,7,0,2,0,0,1,3,0,2,1,4,1,4,0,0,0,0,0,0,0,0,0,0,0,0,0,0,0,0,0,0,0,0,10,2,15,5,0,0,

Belgium,BEL,Patent applications - nonresidents,IP.PAT.NRES,0,0,0,0,0,0,0,0,0,0,0,0,0,0,0,0,0,0,0,0,5104,3918,2944,2261,1966,1476,1334,889,776,663,613,574,499,679,446,355,310,269,249,249,243,264,147,188,122,105,161,163,133,148,140,127,127,161,137,148,119,216,218,257,288,0,0,

Benin,BEN,Patent applications - nonresidents,IP.PAT.NRES,0,0,0,0,0,0,0,0,0,0,0,0,0,0,0,0,0,0,0,0,0,0,0,0,0,0,0,0,0,0,0,0,0,0,0,0,0,0,0,0,0,0,0,0,0,0,0,0,0,0,0,0,0,0,0,0,0,0,0,0,0,0,0,

Burkina Faso,BFA,Patent applications - nonresidents,IP.PAT.NRES,0,0,0,0,0,0,0,0,0,0,0,0,0,0,0,0,0,0,0,0,0,0,0,0,0,0,0,0,0,0,0,0,0,0,0,0,0,0,0,0,0,0,0,0,0,0,0,0,0,0,0,0,0,0,0,0,0,0,0,0,0,0,0,

Bangladesh,BGD,Patent applications - nonresidents,IP.PAT.NRES,0,0,0,0,0,0,0,0,0,0,0,0,0,0,0,0,0,0,0,0,102,133,104,123,104,96,77,98,109,76,76,77,89,71,89,156,131,119,184,200,248,236,246,260,268,294,288,270,278,275,276,269,287,243,249,299,267,241,299,345,362,0,0,

Bulgaria,BGR,Patent applications - nonresidents,IP.PAT.NRES,0,0,0,0,0,0,0,0,0,0,0,0,0,0,0,0,0,0,0,0,804,871,717,728,738,248,211,311,253,267,331,326,351,152,531,363,407,538,524,616,709,785,735,680,133,52,48,28,22,24,17,21,14,15,16,11,11,23,18,7,7,0,0,

Bahrain,BHR,Patent applications - nonresidents,IP.PAT.NRES,0,0,0,0,0,0,0,0,0,0,0,0,0,0,0,0,0,0,0,0,47,28,41,28,65,16,20,0,0,0,0,0,31,0,0,0,0,0,0,0,0,0,0,0,0,0,0,0,0,0,0,139,161,167,199,185,171,237,219,322,257,0,0,

Bahamas, The,BHS,Patent applications - nonresidents,IP.PAT.NRES,0,0,0,0,0,0,0,0,0,0,0,0,0,0,0,0,0,0,0,0,0,51,50,0,38,42,37,0,32,0,25,27,29,0,0,0,0,0,0,0,0,0,0,0,0,0,0,0,0,0,0,0,83,75,113,68,34,48,0,0,0,0,

Bosnia and Herzegovina,BIH,Patent applications - nonresidents,IP.PAT.NRES,0,0,0,0,0,0,0,0,0,0,0,0,0,0,0,0,0,0,0,0,0,0,0,0,0,0,0,0,0,0,0,0,0,0,0,0,0,0,0,105,242,309,0,242,346,306,162,0,12,0,9,12,14,22,2,0,6,12,12,14,5,0,0,

Belarus,BLR,Patent applications - nonresidents,IP.PAT.NRES,0,0,0,0,0,0,0,0,0,0,0,0,0,0,0,0,0,0,0,0,0,0,0,0,0,0,0,0,0,0,0,0,0,666,1005,415,361,414,79,345,204,214,379,298,200,296,337,257,220,173,174,146,190,145,105,148,66,90,94,95,77,0,0,

Belize,BLZ,Patent applications - nonresidents,IP.PAT.NRES,0,0,0,0,0,0,0,0,0,0,0,0,0,0,0,0,0,0,0,0,0,0,0,0,0,0,0,0,0,0,0,0,0,0,0,0,0,0,0,0,0,0,0,0,16,33,41,48,54,0,0,49,51,32,36,26,37,32,24,32,23,0,0,

Bermuda,BMU,Patent applications - nonresidents,IP.PAT.NRES,0,0,0,0,0,0,0,0,0,0,0,0,0,0,0,0,0,0,0,0,0,0,0,0,0,0,0,0,0,0,0,0,0,0,0,0,0,0,0,0,0,0,0,0,0,0,0,0,0,0,0,0,0,0,0,0,0,0,0,0,0,0,0,

Bolivia,BOL,Patent applications - nonresidents,IP.PAT.NRES,0,0,0,0,0,0,0,0,0,0,0,0,0,0,0,0,0,0,0,0,117,120,89,70,54,41,0,0,0,0,0,0,0,62,89,106,0,0,0,0,0,0,0,0,0,0,0,0,0,0,0,0,0,0,294,0,241,277,0,0,0,0,0,

Brazil,BRA,Patent applications - nonresidents,IP.PAT.NRES,0,0,0,0,0,0,0,0,0,0,0,0,0,0,0,0,0,0,0,0,6228,6113,5562,4900,4657,4565,4413,4702,4546,4657,5148,4625,4374,4221,4228,4741,5446,13479,13546,14693,14104,14410,13204,12545,12669,14444,15886,17469,18890,18135,20771,23954,25637,25925,25683,25578,22810,20178,19877,19932,19058,0,0,

Barbados,BRB,Patent applications - nonresidents,IP.PAT.NRES,0,0,0,0,0,0,0,0,0,0,0,0,0,0,0,0,0,0,0,0,44,38,0,0,35,0,0,0,0,0,0,0,0,0,0,0,0,0,0,68,0,85,93,121,80,76,44,109,84,79,88,71,36,39,38,45,41,0,0,31,0,0,0,

Brunei Darussalam,BRN,Patent applications - nonresidents,IP.PAT.NRES,0,0,0,0,0,0,0,0,0,0,0,0,0,0,0,0,0,0,0,0,0,0,0,0,0,0,0,0,0,0,0,0,0,88,41,42,21,42,32,34,21,21,21,43,31,26,41,64,75,42,0,0,11,15,91,0,73,99,95,133,115,0,0,

Bhutan,BTN,Patent applications - nonresidents,IP.PAT.NRES,0,0,0,0,0,0,0,0,0,0,0,0,0,0,0,0,0,0,0,0,0,0,0,0,0,0,0,0,0,0,0,0,0,0,0,0,0,0,0,0,0,0,0,0,0,0,0,0,0,0,0,0,1,4,0,7,1,3,9,17,6,0,0,

Botswana,BWA,Patent applications - nonresidents,IP.PAT.NRES,0,0,0,0,0,0,0,0,0,0,0,0,0,0,0,0,0,0,0,0,18,34,29,0,0,0,0,0,0,0,0,0,0,0,0,0,0,0,0,0,0,0,0,0,0,0,0,0,0,0,0,8,9,1,5,5,6,4,3,0,2,0,0,

Central African Republic,CAF,Patent applications - nonresidents,IP.PAT.NRES,0,0,0,0,0,0,0,0,0,0,0,0,0,0,0,0,0,0,0,0,0,0,0,0,0,0,0,0,0,0,0,0,0,0,0,0,0,0,0,0,0,0,0,0,0,0,0,0,0,0,0,0,0,0,0,0,0,0,0,0,0,0,0,

Canada,CAN,Patent applications - nonresidents,IP.PAT.NRES,0,0,0,0,0,0,0,0,0,0,0,0,0,0,0,0,0,0,0,0,22699,23267,23883,23690,24709,25482,25596,26598,28869,32060,24375,21097,22950,23307,24683,24161,24987,25238,30163,33189,35435,35753,35782,33299,32970,34705,36516,35133,37028,32410,30899,30357,30533,30174,31283,32687,30667,30969,31812,32250,30113,0,0,

Central Europe and the Baltics,CEB,Patent applications - nonresidents,IP.PAT.NRES,0,0,0,0,0,0,0,0,0,0,0,0,0,0,0,0,0,0,0,0,0,0,0,0,0,0,0,0,0,0,0,0,0,0,0,0,0,0,0,0,0,0,0,0,0,0,0,0,0,0,0,0,0,0,0,0,0,0,0,0,0,0,0,

Switzerland,CHE,Patent applications - nonresidents,IP.PAT.NRES,0,0,0,0,0,0,0,0,0,0,0,0,0,0,0,0,0,0,0,0,5613,4430,3637,3038,2714,2281,1954,1764,1556,1371,1081,893,903,874,892,830,718,620,564,535,468,594,466,396,434,455,362,342,439,394,533,446,1508,631,568,446,309,291,332,348,301,0,0,

Channel Islands,CHI,Patent applications - nonresidents,IP.PAT.NRES,0,0,0,0,0,0,0,0,0,0,0,0,0,0,0,0,0,0,0,0,0,0,0,0,0,0,0,0,0,0,0,0,0,0,0,0,0,0,0,0,0,0,0,0,0,0,0,0,0,0,0,0,0,0,0,0,0,0,0,0,0,0,0,

Chile,CHL,Patent applications - nonresidents,IP.PAT.NRES,0,0,0,0,0,0,0,0,0,0,0,0,0,0,0,0,0,0,0,0,685,744,665,647,602,550,592,621,622,682,642,838,949,1179,1418,1535,1771,2411,2568,2608,2879,2504,2147,2076,2485,2646,2924,3403,3421,1374,748,2453,2683,2732,2653,2831,2521,2469,2694,2799,2433,0,0,

China,CHN,Patent applications - nonresidents,IP.PAT.NRES,0,0,0,0,0,0,0,0,0,0,0,0,0,0,0,0,0,0,0,0,0,0,0,0,0,4493,4515,4084,4872,4910,4305,4051,4387,7534,7876,8688,11114,12102,33645,34418,26560,33412,40426,48548,64598,79842,88183,92101,95259,85508,98111,110583,117464,120200,127042,133612,133522,135885,148187,157093,152342,0,0,

Cote d'Ivoire,CIV,Patent applications - nonresidents,IP.PAT.NRES,0,0,0,0,0,0,0,0,0,0,0,0,0,0,0,0,0,0,0,0,0,0,0,0,0,0,0,0,0,0,0,0,0,0,0,0,0,0,0,0,0,0,0,0,0,0,0,0,0,0,0,0,1,0,0,0,0,0,0,0,0,0,0,

Cameroon,CMR,Patent applications - nonresidents,IP.PAT.NRES,0,0,0,0,0,0,0,0,0,0,0,0,0,0,0,0,0,0,0,0,0,0,0,0,0,0,0,0,0,0,0,0,0,0,0,0,0,0,0,0,0,0,0,0,0,0,0,0,0,0,0,0,0,0,0,0,0,0,0,0,0,

Congo, Dem. Rep.,COD,Patent applications - nonresidents,IP.PAT.NRES,0,0,0,0,0,0,0,0,0,0,0,0,0,0,0,0,0,0,0,0,0,0,0,0,0,0,0,0,0,0,0,0,0,0,0,0,0,0,0,0,0,0,0,0,0,0,0,0,0,0,0,0,0,0,0,0,0,0,107,90

Congo, Rep.,COG,Patent applications - nonresidents,IP.PAT.NRES,0,0,0,0,0,0,0,0,0,0,0,0,0,0,0,0,0,0,0,0,0,0,0,0,0,0,81,0,55,0,0,0,0,0,21,15,27,0,0,0,0,0,0,0,0,0,0,0,0,0,0,0,0,0,0,0,0,0,0,0,0,0,

Colombia,COL,Patent applications - nonresidents,IP.PAT.NRES,0,0,0,0,0,0,0,0,0,0,0,0,0,0,0,0,0,0,0,0,335,604,0,527,471,441,404,532,420,516,0,527,575,769,867,1093,1172,1497,1670,1615,1694,432,858,1127,1365,1662,1861,1862,1818,1551,1739,1770,1848,1781,1898,1921,1658,1777,1808,1735,1752,

Euro area,EMU,Patent applications - nonresidents,IP.PAT.NRES,0,0,0,0,0,0,0,0,0,0,0,0,0,0,0,0,0,0,0,0,0,0,0,0,0,0,0,0,0,0,0,0,0,0,0,0,0,0,0,0,0,0,0,0,0,0,0,0,0,0,0,0,0,0,0,0,0,0,0,0,0,0,0,

Eritrea,ERI,Patent applications - nonresidents,IP.PAT.NRES,0,0,0,0,0,0,0,0,0,0,0,0,0,0,0,0,0,0,0,0,0,0,0,0,0,0,0,0,0,0,0,0,0,0,0,0,0,0,0,0,0,0,0,0,0,0,0,0,0,0,0,0,0,0,0,0,0,0,0,0,0,0,0,

Spain,ESP,Patent applications - nonresidents,IP.PAT.NRES,0,0,0,0,0,0,0,0,0,0,0,0,0,0,0,0,0,0,0,0,9001,8509,8555,8352,8916,9149,8581,2590,2209,2318,1079,746,561,563,537,553,524,496,476,506,484,467,371,367,313,313,316,265,252,207,213,196,209,218,225,221,177,176,149,159,124,0,0,

Estonia,EST,Patent applications - nonresidents,IP.PAT.NRES,0,0,0,0,0,0,0,0,0,0,0,0,0,0,0,0,0,0,0,0,0,0,0,0,0,0,0,0,0,0,0,0,0,0,452,63,198,360,443,604,791,699,700,584,97,15,9,19,10,20,13,15,5,17,6,6,1,4,6,1,2,0,0,

Ethiopia,ETH,Patent applications - nonresidents,IP.PAT.NRES,0,0,0,0,0,0,0,0,0,0,0,0,0,0,0,0,0,0,0,0,0,0,0,0,0,0,0,0,0,0,0,0,0,0,0,0,0,0,11,18,9,15,12,6,3,4,5,25,0,0,0,34,14,24,22,32,26,39,49,0,54,0,0,

European Union,EUU,Patent applications - nonresidents,IP.PAT.NRES,0,0,0,0,0,0,0,0,0,0,0,0,0,0,0,0,0,0,0,0,0,0,0,0,0,0,0,0,0,0,0,0,0,0,0,0,0,0,0,0,0,0,0,0,0,0,0,0,0,0,0,0,0,0,0,0,0,0,0,0,0,0,0,

Fragile and conflict affected situations,FCS,Patent applications - nonresidents,IP.PAT.NRES,0,0,0,0,0,0,0,0,0,0,0,0,0,0,0,0,0,0,0,0,0,0,0,0,0,0,0,0,0,0,0,0,0,0,0,0,0,0,0,0,0,0,0,0,0,0,0,0,0,0,0,0,0,0,0,0,0,0,0,0,0,0,0,

Finland,FIN,Patent applications - nonresidents,IP.PAT.NRES,0,0,0,0,0,0,0,0,0,0,0,0,0,0,0,0,0,0,0,0,2734,2809,2907,3178,3408,3472,3627,3941,4084,4417,4410,2671,3953,2052,1842,1733,483,250,212,343,324,270,207,215,209,229,202,211,147,127,102,124,129,141,126,127,108,139,100,75,97,0,0,

Fiji,FJI,Patent applications - nonresidents,IP.PAT.NRES,0,0,0,0,0,0,0,0,0,0,0,0,0,0,0,0,0,0,0,0,11,14,0,0,0,18,17,0,0,0,0,0,0,0,0,0,0,0,0,0,0,0,0,0,0,0,0,0,0,0,0,0,0,0,0,0,0,0,0,0,0,0,0,

France,FRA,Patent applications - nonresidents,IP.PAT.NRES,0,0,0,0,0,0,0,0,0,0,0,0,0,0,0,0,0,0,0,0,16989,13723,11561,10029,8867,7543,6369,5875,5194,4986,4260,3908,3547,3402,3520,3477,3484,3637,3544,3282,3483,3605,3389,3339,3060,2948,2720,2387,1761,1593,1832,2099,2092,2196,2033,1994,2012,1832,1919,1766,1542,0,0,

Faroe Islands,FRO,Patent applications - nonresidents,IP.PAT.NRES,0,0,0,0,0,0,0,0,0,0,0,0,0,0,0,0,0,0,0,0,0,0,0,0,0,0,0,0,0,0,0,0,0,0,0,0,0,0,0,0,0,0,0,0,0,0,0,0,0,0,0,0,0,0,0,0,0,0,0,0,0,0,0,

Micronesia, Fed. Sts.,FSM,Patent applications - nonresidents,IP.PAT.NRES,0,0,0,0,0,0,0,0,0,0,0,0,0,0,0,0,0,0,0,0,0,0,0,0,0,0,0,0,0,0,0,0,0,0,0,0,0,0,0,0,0,0,0,0,0,0,0,0,0,0,0,0,0,0,0,0,0,0,0,0,0,0,

Gabon,GAB,Patent applications - nonresidents,IP.PAT.NRES,0,0,0,0,0,0,0,0,0,0,0,0,0,0,0,0,0,0,0,0,0,0,0,0,0,0,0,0,0,0,0,0,0,0,0,0,0,0,0,0,0,0,0,0,0,0,0,0,0,0,0,0,0,0,0,0,0,0,0,0,0,

Guinea-Bissau,GNB,Patent applications - nonresidents,IP.PAT.NRES,0,0,0,0,0,0,0,0,0,0,0,0,0,0,0,0,0,0,0,0,0,0,0,0,0,0,0,0,0,0,0,0,0,0,0,0,0,0,0,0,0,0,0,0,0,0,0,0,0,0,0,0,0,0,0,0,0,0,0,0,0,0,0,

Equatorial Guinea,GNQ,Patent applications - nonresidents,IP.PAT.NRES,0,0,0,0,0,0,0,0,0,0,0,0,0,0,0,0,0,0,0,0,0,0,0,0,0,0,0,0,0,0,0,0,0,0,0,0,0,0,0,0,0,0,0,0,0,0,0,0,0,0,0,0,0,0,0,0,0,0,0,0,0,0,0,

Greece,GRC,Patent applications - nonresidents,IP.PAT.NRES,0,0,0,0,0,0,0,0,0,0,0,0,0,0,0,0,0,0,0,0,1570,1843,1911,1936,2142,2035,1714,586,457,454,466,192,211,171,139,46,37,57,34,33,34,49,36,27,28,20,30,20,30,22,16,20,28,19,19,23,40,91,149,238,363,0,0,

Grenada,GRD,Patent applications - nonresidents,IP.PAT.NRES,0,0,0,0,0,0,0,0,0,0,0,0,0,0,0,0,0,0,0,0,2,0,0,0,0,0,0,0,0,0,0,0,0,0,0,0,0,0,0,0,0,0,0,0,0,0,0,0,0,0,0,0,26,33,17,9,17,0,0,0,0,0,0,

Greenland,GRL,Patent applications - nonresidents,IP.PAT.NRES,0,0,0,0,0,0,0,0,0,0,0,0,0,0,0,0,0,0,0,0,0,0,0,0,0,0,0,0,0,0,0,0,0,0,0,0,0,0,0,0,0,0,0,0,0,0,0,0,0,0,0,0,0,0,0,0,0,0,0,0,0,0,0,

Guatemala,GTM,Patent applications - nonresidents,IP.PAT.NRES,0,0,0,0,0,0,0,0,0,0,0,0,0,0,0,0,0,0,0,0,0,0,168,0,115,92,106,76,82,75,97,104,79,94,99,77,142,175,218,267,250,285,293,296,266,388,500,99,306,322,374,327,337,319,288,341,266,275,228,231,205,0,0,

Guam,GUM,Patent applications - nonresidents,IP.PAT.NRES,0,0,0,0,0,0,0,0,0,0,0,0,0,0,0,0,0,0,0,0,0,0,0,0,0,0,0,0,0,0,0,0,0,0,0,0,0,0,0,0,0,0,0,0,0,0,0,0,0,0,0,0,0,0,0,0,0,0,0,0,0,0,0,

Guyana,GUY,Patent applications - nonresidents,IP.PAT.NRES,0,0,0,0,0,0,0,0,0,0,0,0,0,0,0,0,0,0,0,0,0,0,0,12,5,16,8,3,0,0,6,0,0,0,0,0,0,0,0,0,0,0,0,0,0,0,0,0,0,0,0,0,14,16,19,13,17,23,18,0,0,0,0,

High income,HIC,Patent applications - nonresidents,IP.PAT.NRES,0,0,0,0,0,0,0,0,0,0,0,0,0,0,0,0,0,0,0,0,0,0,0,0,0,0,0,0,0,0,0,0,0,0,0,0,0,326700,339200,361400,387200,434500,429400,427200,448400,478600,511400,529700,535500,502300,532200,542500,571600,587900,605300,626600,631600,641700,655200,691800,682500,0,0,

Hong Kong SAR, China,HKG,Patent applications - nonresidents,IP.PAT.NRES,0,0,0,0,0,0,0,0,0,0,0,0,0,0,0,0,0,0,0,0,0,0,0,871,810,955,1027,1107,1056,886,1060,1076,1248,1186,1619,1938,2059,2359,14539,5998,8244,8840,9018,8995,9878,11607,13618,13606,13489,11708,11569,13312,12817,13690,12350,11973,13859,12975,15672,16186,21133,0,

Honduras,HND,Patent applications - nonresidents,IP.PAT.NRES,0,0,0,0,0,0,0,0,0,0,0,0,0,0,0,0,0,0,0,0,40,0,183,24,19,16,0,31,27,0,17,0,30,0,0,40,126,0,0,148,135,155,161,0,0,0,0,0,0,0,0,253,233,211,0,224,185,189,148,187,0,

Iraq,IRQ,Patent applications - nonresidents,IP.PAT.NRES,0,0,0,0,0,0,0,0,0,0,0,0,0,0,0,0,0,0,0,0,126,107,129,128,94,77,54,49,52,75,0,0,25,28,25,24,18,0,0,0,0,0,0,0,0,0,0,0,0,0,0,0,0,0,0,102,0,101,77,106,98,0,0,

Iceland,ISL,Patent applications - nonresidents,IP.PAT.NRES,0,0,0,0,0,0,0,0,0,0,0,0,0,0,0,0,0,0,0,0,58,79,62,62,70,71,92,91,110,87,113,99,121,112,108,49,75,216,254,357,825,713,379,748,463,545,326,53,31,22,19,21,7,13,13,6,3,8,10,15,3,0,0,

Israel,ISR,Patent applications - nonresidents,IP.PAT.NRES,0,0,0,0,0,0,0,0,0,0,0,0,0,0,0,0,0,0,0,0,2104,2132,2207,2295,2690,2727,2830,3035,2859,3048,2856,2630,2327,2635,2701,3159,2101,1445,3106,3904,5203,5521,5095,4569,4870,5157,6154,6394,6214,5387,5856,5526,5473,4984,5148,5623,5119,5377,5857,6370,6481,0,0,

Italy,ITA,Patent applications - nonresidents,IP.PAT.NRES,0,0,0,0,0,0,0,0,0,0,0,0,0,0,0,0,0,0,0,0,9971,0,0,12080,0,7851,0,0,8000,0,0,0,486,483,439,0,1678,0,0,1172,1396,0,0,0,0,0,0,870,861,903,846,927,871,905,781,0,973,1031,900,898,947,0,0,

Jamaica,JAM,Patent applications - nonresidents,IP.PAT.NRES,0,0,0,0,0,0,0,0,0,0,0,0,0,0,0,0,0,0,0,0,0,0,0,93,93,0,0,101,0,0,77,39,59,64,60,54,77,61,0,0,90,72,54,41,61,59,132,157,121,110,142,93,82,97,122,63,59,57,53,51,47,0,0,

Jordan,JOR,Patent applications - nonresidents,IP.PAT.NRES,0,0,0,0,0,0,0,0,0,0,0,0,0,0,0,0,0,0,0,0,68,91,24,0,0,0,0,0,0,61,0,0,0,0,0,0,0,0,0,0,127,147,117,157,141,169,428,507,535,446,429,360,346,357,339,294,256,174,109,290,301,0,0,

Japan,JPN,Patent applications - nonresidents,IP.PAT.NRES,0,0,0,0,0,0,0,0,0,0,0,0,0,0,0,0,0,0,0,0,25290,0,0,24977,28562,28622,29887,30089,30491,33641,34360,33463,33875,34141,33363,34603,36514,40765,42551,45475,49501,52408,51586,54909,54665,59118,61614,62793,60892,53281,54517,55030,55783,56705,60030,59882,58137,58189,59937,62597,61124,0,0,

Kazakhstan,KAZ,Patent applications - nonresidents,IP.PAT.NRES,0,0,0,0,0,0,0,0,0,0,0,0,0,0,0,0,0,0,0,0,0,0,0,0,0,0,0,0,0,0,0,0,12,1205,183,342,325,303,159,111,116,99,103,102,111,103,124,194,189,314,273,317,0,378,271,232,231,173,193,0,97,0,0,

Kenya,KEN,Patent applications - nonresidents,IP.PAT.NRES,0,0,0,0,0,0,0,0,0,0,0,0,0,0,0,0,0,0,0,0,96,75,76,100,122,98,107,108,55,65,0,20,0,37,0,0,38,40,34,30,0,0,49,73,53,59,41,91,89,123,120,122,136,114,75,56,59,43,42,41,35,0,0,

Kyrgyz Republic,KGZ,Patent applications - nonresidents,IP.PAT.NRES,0,0,0,0,0,0,0,0,0,0,0,0,0,0,0,0,0,0,0,0,0,0,0,0,0,0,0,0,0,0,0,0,0,0,259,29,142,55,12,2,4,14,5,1,0,0,0,3,3,3,6,5,1,3,7,4,5,9,0,1,1,0,0,

Cambodia,KHM,Patent applications - nonresidents,IP.PAT.NRES,0,0,0,0,0,0,0,0,0,0,0,0,0,0,0,0,0,0,0,0,0,0,0,0,0,0,0,0,0,0,0,0,0,0,0,0,0,0,0,0,0,0,0,0,0,0,0,13,39,28,26,43,53,74,65,65,77,55,160,310,248,0,0,

Kiribati,KIR,Patent applications - nonresidents,IP.PAT.NRES,0,0,0,0,0,0,0,0,0,0,0,0,0,0,0,0,0,0,0,0,0,0,0,0,0,1,0,0,0,0,0,0,0,0,0,0,0,0,0,2,0,0,0,0,0,0,0,0,0,0,0,0,0,0,0,0,0,0,0,0,0,0,0,

St. Kitts and Nevis,KNA,Patent applications - nonresidents,IP.PAT.NRES,0,0,0,0,0,0,0,0,0,0,0,0,0,0,0,0,0,0,0,0,0,0,0,0,0,0,0,0,0,0,0,0,0,0,0,0,0,0,0,0,0,0,0,0,0,0,0,0,0,0,0,0,0,0,0,4,5,9,4,0,0,0,0,

Korea, Rep.,KOR,Patent applications - nonresidents,IP.PAT.NRES,0,0,0,0,0,0,0,0,0,0,0,0,0,0,0,0,0,0,0,0,3829,3984,4368,4795,6636,7883,9115,12186,14355,16295,16738,14880,15122,15044,17158,19271,21921,25325,24637,24672,29179,30898,29566,28338,34865,38733,40713,43768,43518,36207,38296,40890,40779,44611,46219,46419,45406,45691,47431,47372,46282,0,

Kuwait,KWT,Patent applications - nonresidents,IP.PAT.NRES,0,0,0,0,0,0,0,0,0,0,0,0,0,0,0,0,0,0,0,0,0,0,0,0,0,0,0,0,0,0,0,0,0,0,0,0,0,0,0,0,0,0,0,0,0,0,0,0,0,0,0,0,0,0,0,0,37,0,256,0,0,

St. Martin (French part),MAF,Patent applications - nonresidents,IP.PAT.NRES,0,0,0,0,0,0,0,0,0,0,0,0,0,0,0,0,0,0,0,0,0,0,0,0,0,0,0,0,0,0,0,0,0,0,0,0,0,0,0,0,0,0,0,0,0,0,0,0,0,0,0,0,0,0,0,0,0,0,0,0,0,0,0,

Morocco,MAR,Patent applications - nonresidents,IP.PAT.NRES,0,0,0,0,0,0,0,0,0,0,0,0,0,0,0,0,0,0,0,0,315,299,284,300,294,255,225,234,238,204,268,301,0,256,253,292,237,0,401,0,0,0,0,0,457,520,732,782,834,856,882,880,843,828,742,797,1066,2026,2350,2531,2438,0,0,

Monaco,MCO,Patent applications - nonresidents,IP.PAT.NRES,0,0,0,0,0,0,0,0,0,0,0,0,0,0,0,0,0,0,0,0,54,56,37,46,51,54,40,55,67,50,56,42,13,11,14,17,23,13,15,14,7,14,4,3,2,5,7,5,3,7,5,3,4,0,4,1,7,17,11,5,7,0,0,

Moldova,MDA,Patent applications - nonresidents,IP.PAT.NRES,0,0,0,0,0,0,0,0,0,0,0,0,0,0,0,0,0,0,0,0,0,0,0,0,0,0,0,0,0,0,0,0,0,36,296,39,135,57,23,15,10,17,30,3,9,11,9,14,22,5,11,11,22,29,72,60,64,37,21,15,11,0,0,

Madagascar,MDG,Patent applications - nonresidents,IP.PAT.NRES,0,0,0,0,0,0,0,0,0,0,0,0,0,0,0,0,0,0,0,0,0,0,0,0,0,0,0,0,0,0,0,0,0,0,20,16,23,36,30,37,48,38,25,20,22,35,40,67,63,43,34,58,40,47,29,16,30,42,37,30,21,0,0,

Maldives,MDV,Patent applications - nonresidents,IP.PAT.NRES,0,0,0,0,0,0,0,0,0,0,0,0,0,0,0,0,0,0,0,0,0,0,0,0,0,0,0,0,0,0,0,0,0,0,0,0,0,0,0,0,0,0,0,0,0,0,0,0,0,0,0,0,0,0,0,0,0,0,0,0,0,0,0,

Middle East & North Africa,MEA,Patent applications - nonresidents,IP.PAT.NRES,0,0,0,0,0,0,0,0,0,0,0,0,0,0,0,0,0,0,0,0,4562,4332,4087,4249,4720,4191,3947,4216,4129,4433,4674,4384,3997,4630,4633,5382,4477,3012,6663,7287,8535,8657,8036,7366,8647,9909,12131,13973,13000,11546,14914,14923,14219,14438,13614,15165,15955,17628,17894,19082,18210,0,0,

Mexico,MEX,Patent applications - nonresidents,IP.PAT.NRES,0,0,0,0,0,0,0,0,0,0,0,0,0,0,0,0,0,0,0,0,4768,5232,4763,3861,3771,3091,3071,3509,3748,3817,4400,4707,7130,7659,9446,4961,6365,10111,10440,11655,12630,13031,12536,11739,12633,13851,14931,15970,15896,13459,13625,12990,14020,14234,14889,16707,16103,15850,14869,14636,13180,0,0,

Marshall Islands,MHL,Patent applications - nonresidents,IP.PAT.NRES,0,0,0,0,0,0,0,0,0,0,0,0,0,0,0,0,0,0,0,0,0,0,0,0,0,0,0,0,0,0,0,0,0,0,0,0,0,0,0,0,0,0,0,0,0,0,0,0,0,0,0,0,0,0,0,0,0,0,0,0,0,0,0,

Middle income,MIC,Patent applications - nonresidents,IP.PAT.NRES,0,0,0,0,0,0,0,0,0,0,0,0,0,0,0,0,0,0,0,0,0,0,0,0,0,0,0,0,0,0,0,0,0,0,0,0,0,0,0,0,0,0,0,0,0,0,0,0,0,0,0,0,0,0,0,0,0,0,0,0,0,0,0,

North Macedonia,MKD,Patent applications - nonresidents,IP.PAT.NRES,0,0,0,0,0,0,0,0,0,0,0,0,0,0,0,0,0,0,0,0,0,0,0,0,0,0,0,0,0,0,0,0,0,50,178,76,13,118,60,2,53,59,209,23,9,15,4,13,5,11,1,3,3,4,0,0,0,0,0,0,0,0,0,

Mali,MLI,Patent applications - nonresidents,IP.PAT.NRES,0,0,0,0,0,0,0,0,0,0,0,0,0,0,0,0,0,0,0,0,0,7,0,0,0,0,0,0,0,0,0,0,0,0,0,0,0,0,0,0,0,0,0,0,0,0,0,0,0,0,0,0,0,0,0,0,0,0,0,0,0,0,0,

Malta,MLT,Patent applications - nonresidents,IP.PAT.NRES,0,0,0,0,0,0,0,0,0,0,0,0,0,0,0,0,0,0,0,0,17,17,15,16,15,20,12,17,14,13,17,21,22,16,21,13,18,24,26,72,93,107,180,0,471,0,805,29,34,21,7,6,6,4,8,2,1,7,15,7,5,0,0,

Myanmar,MMR,Patent applications - nonresidents,IP.PAT.NRES,0,0,0,0,0,0,0,0,0,0,0,0,0,0,0,0,0,0,0,0,0,0,0,0,0,0,0,0,0,0,0,0,0,0,0,0,0,0,0,0,0,0,0,0,0,0,0,0,0,0,0,0,0,0,0,0,0,0,0,0,0,0,0,

Middle East & North Africa (excluding high income),MNA,Patent applications - nonresidents,IP.PAT.NRES,0,0,0,0,0,0,0,0,0,0,0,0,0,0,0,0,0,0,0,0,0,0,0,0,0,0,0,0,0,0,0,0,0,0,0,0,0,0,0,0,0,0,0,0,0,0,0,0,0,0,0,0,0,0,0,0,0,0,0,0,0,0,0,

Montenegro,MNE,Patent applications - nonresidents,IP.PAT.NRES,0,0,0,0,0,0,0,0,0,0,0,0,0,0,0,0,0,0,0,0,0,0,0,0,0,0,0,0,0,0,0,0,0,0,0,0,0,0,0,0,0,0,0,0,0,0,0,0,914,0,136,83,41,0,0,0,0,0,0,0,0,0,0,

Mongolia,MNG,Patent applications - nonresidents,IP.PAT.NRES,0,0,0,0,0,0,0,0,0,0,0,0,0,0,0,0,0,0,0,0,0,0,0,32,11,0,0,0,0,0,0,1,2,6,21,52,23,3,32,0,0,76,105,86,86,87,110,0,0,67,69,0,0,132,126,128,107,104,79,86,82,0,0,

Northern Mariana Islands,MNP,Patent applications - nonresidents,IP.PAT.NRES,0,0,0,0,0,0,0,0,0,0,0,0,0,0,0,0,0,0,0,0,0,0,0,0,0,0,0,0,0,0,0,0,0,0,0,0,0,0,0,0,0,0,0,0,0,0,0,0,0,0,0,0,0,0,0,0,0,0,0,0,0,0,0,

Mozambique,MOZ,Patent applications - nonresidents,IP.PAT.NRES,0,0,0,0,0,0,0,0,0,0,0,0,0,0,0,0,0,0,0,0,0,0,0,0,0,0,0,0,0,0,0,0,0,0,0,0,0,0,0,18,8,1,9,16,4,14,17,26,14,17,25,15,26,30,46,30,25,26,13,24,14,0,0,

Mauritania,MRT,Patent applications - nonresidents,IP.PAT.NRES,0,0,0,0,0,0,0,0,0,0,0,0,0,0,0,0,0,0,0,0,0,0,0,0,0,0,0,0,0,0,0,0,0,0,0,0,0,0,0,0,0,0,0,0,0,0,0,0,0,0,0,0,0,0,0,0,0,0,0,0,0,0,0,

Mauritius,MUS,Patent applications - nonresidents,IP.PAT.NRES,0,0,0,0,0,0,0,0,0,0,0,0,0,0,0,0,0,0,0,0,10,19,8,0,0,5,21,5,14,11,3,8,12,4,12,4,19,12,12,0,0,0,0,0,0,0,0,0,22,0,0,19,14,18,18,20,36,18,13,23,19,0,0,

Malawi,MWI,Patent applications - nonresidents,IP.PAT.NRES,0,0,0,0,0,0,0,0,0,0,0,0,0,0,0,0,0,0,0,0,51,41,49,37,26,35,39,53,33,34,33,21,12,15,12,33,30,26,18,0,17,0,0,0,0,0,0,0,0,0,0,0,0,0,0,0,1,0,0,0,0,0,0,

Malaysia,MYS,Patent applications - nonresidents,IP.PAT.NRES,0,0,0,0,0,0,0,0,0,0,0,0,0,0,0,0,0,0,0,0,0,0,0,0,0,1329,233,3195,1547,1803,2213,2321,2260,2684,3364,3911,5354,6272,5770,5624,6021,5663,4615,4686,4920,5764,4269,1702,4485,4503,5152,5376,5826,6006,6267,6455,6127,5906,6179,6480,5839,0,0,

North America,NAC,Patent applications - nonresidents,IP.PAT.NRES,0,0,0,0,0,0,0,0,0,0,0,0,0,0,0,0,0,0,0,0,64930,67276,70192,68002,74152,77044,81317,90120,97513,108397,104895,105257,113872,107548,120205,128341,130041,126520,132409,149701,166535,184711,185982,186799,200377,217571,240698,249940,261761,263604,279148,286189,304566,313955,324989,333762,340911,344021,343858,368590,357699,0,0,

Namibia,NAM,Patent applications - nonresidents,IP.PAT.NRES,0,0,0,0,0,0,0,0,0,0,0,0,0,0,0,0,0,0,0,0,0,0,0,0,0,0,0,0,0,0,158,130,0,120,0,0,0,0,0,0,0,0,0,0,0,0,0,0,0,0,0,0,0,0,0,11,14,15,15,12,0,0,0,

New Caledonia,NCL,Patent applications - nonresidents,IP.PAT.NRES,0,0,0,0,0,0,0,0,0,0,0,0,0,0,0,0,0,0,0,0,0,0,0,0,0,0,0,0,0,0,0,0,0,0,0,0,0,0,0,0,0,0,0,0,0,0,0,0,0,0,0,0,0,0,0,0,0,0,0,0,0,0,0,

Niger,NER,Patent applications - nonresidents,IP.PAT.NRES,0,0,0,0,0,0,0,0,0,0,0,0,0,0,0,0,0,0,0,0,0,0,0,0,0,0,0,0,0,0,0,0,0,0,0,0,0,0,0,0,0,0,0,0,0,0,0,0,0,0,0,0,0,0,0,0,0,0,0,0,0,0,0,

Nigeria,NGA,Patent applications - nonresidents,IP.PAT.NRES,0,0,0,0,0,0,0,0,0,0,0,0,0,0,0,0,0,0,0,0,0,0,0,0,0,431,0,0,0,0,246,0,0,0,0,0,0,0,0,0,0,0,0,0,0,0,0,0,0,0,0,747,676,869,0,0,150,180,509,683,598,0,0,

Nicaragua,NIC,Patent applications - nonresidents,IP.PAT.NRES,0,0,0,0,0,0,0,0,0,0,0,0,0,0,0,0,0,0,0,0,0,0,0,64,49,33,39,0,0,0,0,0,39,34,0,35,0,0,0,136,129,0,0,0,0,0,0,0,0,0,0,208,172,124,145,0,0,0,0,0,0,0,0,

Netherlands,NLD,Patent applications - nonresidents,IP.PAT.NRES,0,0,0,0,0,0,0,0,0,0,0,0,0,0,0,0,0,0,0,0,5532,4228,3212,2611,2139,1658,1464,1201,1068,993,764,595,555,560,501,569,633,637,549,506,529,543,481,573,556,633,548,367,311,279,240,310,338,449,288,287,314,365,394,449,825,0,0,

Norway,NOR,Patent applications - nonresidents,IP.PAT.NRES,0,0,0,0,0,0,0,0,0,0,0,0,0,0,0,0,0,0,0,0,3247,3785,3733,4068,4332,3694,3519,4616,4933,4324,4745,4213,4120,3886,4072,4280,4336,4959,5006,5255,5389,5242,5109,4782,4348,4843,4957,5431,4280,2358,696,654,555,648,457,652,833,908,592,582,564,0,0,

Nepal,NPL,Patent applications - nonresidents,IP.PAT.NRES,0,0,0,0,0,0,0,0,0,0,0,0,0,0,0,0,0,0,0,0,0,0,3,0,0,1,0,0,0,0,0,0,2,3,1,5,0,0,0,0,0,0,0,0,0,0,0,0,0,0,0,15,13,12,36,71,26,43,0,0,0,0,0,

Nauru,NRU,Patent applications - nonresidents,IP.PAT.NRES,0,0,0,0,0,0,0,0,0,0,0,0,0,0,0,0,0,0,0,0,0,0,0,0,0,0,0,0,0,0,0,0,0,0,0,0,0,0,0,0,0,0,0,0,0,0,0,0,0,0,0,0,0,0,0,0,0,0,0,0,0,0,0,

New Zealand,NZL,Patent applications - nonresidents,IP.PAT.NRES,0,0,0,0,0,0,0,0,0,0,0,0,0,0,0,0,0,0,0,0,2290,2424,2547,2683,3011,2967,3128,3368,3622,3660,3869,3550,3390,1866,2517,3435,6192,8259,4519,6541,5585,5507,5109,5028,4900,5112,5212,5952,4468,4803,5051,4708,5674,5167,6092,5317,5311,5146,5221,5690,5417,0,0,

OECD members,OED,Patent applications - nonresidents,IP.PAT.NRES,0,0,0,0,0,0,0,0,0,0,0,0,0,0,0,0,0,0,0,0,0,0,0,0,0,0,0,0,0,0,0,0,0,0,0,0,0,0,0,0,0,0,0,0,0,0,0,0,0,0,0,0,0,0,0,0,0,0,0,0,0,0,0,

Oman,OMN,Patent applications - nonresidents,IP.PAT.NRES,0,0,0,0,0,0,0,0,0,0,0,0,0,0,0,0,0,0,0,0,0,0,0,0,0,0,0,0,0,0,0,0,0,0,0,0,0,0,0,0,0,0,0,0,0,0,0,0,0,0,0,0,0,0,0,341,366,387,404,476,0,0,0,

Other small states,OSS,Patent applications - nonresidents,IP.PAT.NRES,0,0,0,0,0,0,0,0,0,0,0,0,0,0,0,0,0,0,0,0,0,0,0,0,0,0,0,0,0,0,0,0,0,0,0,0,0,0,0,0,0,0,0,0,0,0,0,0,0,0,0,0,0,0,0,0,0,0,0,0,0,0,0,

Pakistan,PAK,Patent applications - nonresidents,IP.PAT.NRES,0,0,0,0,0,0,0,0,0,0,0,0,0,0,0,0,0,0,0,0,369,0,0,0,0,0,0,0,0,0,524,502,605,617,574,678,799,1049,1275,1089,1149,1168,1057,1070,1008,1141,1647,1449,1375,0,980,861,798,783,776,677,636,505,586,561,562,0,0,

Panama,PAN,Patent applications - nonresidents,IP.PAT.NRES,0,0,0,0,0,0,0,0,0,0,0,0,0,0,0,0,0,0,0,0,90,90,97,134,98,78,83,73,79,44,53,68,66,80,86,62,142,0,0,0,153,0,0,0,0,0,0,0,371,370,468,420,234,78,274,389,349,376,362,328,297,0,0,

Peru,PER,Patent applications - nonresidents,IP.PAT.NRES,0,0,0,0,0,0,0,0,0,0,0,0,0,0,0,0,0,0,0,0,280,375,294,266,0,211,208,194,194,0,219,216,262,254,369,0,565,756,0,944,1038,974,840,892,785,993,1232,1331,1504,657,261,1129,1136,1193,1204,1182,1091,1119,1133,1122,1142,0,0,

Philippines,PHL,Patent applications - nonresidents,IP.PAT.NRES,0,0,0,0,0,0,0,0,0,0,0,0,0,0,0,0,0,0,0,0,1454,1514,1514,1613,1194,1489,1379,1568,1617,1772,1822,1774,1687,1860,1965,2207,2634,3440,3280,3217,3482,2470,705,1732,2538,2762,3034,3248,3097,2825,3223,3010,2832,3065,3255,3359,3092,3072,3771,3879,3517,0,0,

Palau,PLW,Patent applications - nonresidents,IP.PAT.NRES,0,0,0,0,0,0,0,0,0,0,0,0,0,0,0,0,0,0,0,0,0,0,0,0,0,0,0,0,0,0,0,0,0,0,0,0,0,0,0,0,0,0,0,0,0,0,0,0,0,0,0,0,0,0,0,0,0,0,0,0,0,0,0,

Papua New Guinea,PNG,Patent applications - nonresidents,IP.PAT.NRES,0,0,0,0,0,0,0,0,0,0,0,0,0,0,0,0,0,0,0,0,0,0,0,0,0,0,0,0,0,0,0,0,0,0,0,0,0,0,0,0,0,0,0,0,0,0,0,0,45,0,0,0,0,79,0,46,0,0,33,63,53,0,0,

Poland,POL,Patent applications - nonresidents,IP.PAT.NRES,0,0,0,0,0,0,0,0,0,0,0,0,0,0,0,0,0,0,0,0,1644,1188,990,783,798,770,713,769,763,843,1315,1086,1354,1013,1327,1265,1297,3950,4128,4671,4899,4328,4292,3973,5359,4555,655,361,290,241,227,244,247,174,155,139,135,117,115,112,88,0,0,

Pre-demographic dividend,PRE,Patent applications - nonresidents,IP.PAT.NRES,0,0,0,0,0,0,0,0,0,0,0,0,0,0,0,0,0,0,0,0,0,0,0,0,0,0,0,0,0,0,0,0,0,0,0,0,0,0,0,0,0,0,0,0,0,0,0,0,0,0,0,0,0,0,0,0,0,0,0,0,0,0,0,

Puerto Rico,PRI,Patent applications - nonresidents,IP.PAT.NRES,0,0,0,0,0,0,0,0,0,0,0,0,0,0,0,0,0,0,0,0,0,0,0,0,0,0,0,0,0,0,0,0,0,0,0,0,0,0,0,0,0,0,0,0,0,0,0,0,0,0,0,0,0,0,0,0,0,0,0,0,0,0,0,

Korea, Dem. People's Rep.,PRK,Patent applications - nonresidents,IP.PAT.NRES,0,0,0,0,0,0,0,0,0,0,0,0,0,0,0,0,0,0,0,0,0,0,0,0,0,0,8,32,13,13,38,8,8,0,0,0,0,0,0,0,0,0,0,0,0,66,56,76,0,55,39,39,27,0,0,0,0,2,8,7,6,0,

Portugal,PRT,Patent applications - nonresidents,IP.PAT.NRES,0,0,0,0,0,0,0,0,0,0,0,0,0,0,0,0,0,0,0,0,1731,1843,1734,1760,1756,1906,2191,2258,2410,3311,3541,3453,1138,180,88,120,76,101,61,114,65,56,49,40,64,47,36,31,24,46,46,75,26,22,18,20,27,36,29,104,263,0,0,

Paraguay,PRY,Patent applications - nonresidents,IP.PAT.NRES,0,0,0,0,0,0,0,0,0,0,0,0,0,0,0,0,0,0,0,0,0,0,0,50,32,35,0,0,0,34,36,0,44,71,0,0,0,0,0,0,211,253,171,173,187,241,364,295,265,246,347,0,0,0,0,0,0,0,315,324,323,0,0,

West Bank and Gaza,PSE,Patent applications - nonresidents,IP.PAT.NRES,0,0,0,0,0,0,0,0,0,0,0,0,0,0,0,0,0,0,0,0,0,0,0,0,0,0,0,0,0,0,0,0,0,0,0,0,0,0,0,0,0,0,0,0,0,0,0,0,0,0,0,0,0,0,0,0,0,0,0,0,0,0,0,

Pacific island small states,PSS,Patent applications - nonresidents,IP.PAT.NRES,0,0,0,0,0,0,0,0,0,0,0,0,0,0,0,0,0,0,0,0,0,0,0,0,0,0,0,0,0,0,0,0,0,0,0,0,0,0,0,0,0,0,0,0,0,0,0,0,0,0,0,0,0,0,0,0,0,0,0,0,0,0,0,

Post-demographic dividend,PST,Patent applications - nonresidents,IP.PAT.NRES,0,0,0,0,0,0,0,0,0,0,0,0,0,0,0,0,0,0,0,0,0,0,0,0,0,0,0,0,0,0,0,0,0,0,0,0,0,0,0,0,0,0,0,0,0,0,0,0,0,0,0,0,0,0,0,0,0,0,0,0,0,0,0,

French Polynesia,PYF,Patent applications - nonresidents,IP.PAT.NRES,0,0,0,0,0,0,0,0,0,0,0,0,0,0,0,0,0,0,0,0,0,0,0,0,0,0,0,0,0,0,0,0,0,0,0,0,0,0,0,0,0,0,0,0,0,0,0,0,0,0,0,0,0,0,0,0,0,0,0,0,0,0,0,

Qatar,QAT,Patent applications - nonresidents,IP.PAT.NRES,0,0,0,0,0,0,0,0,0,0,0,0,0,0,0,0,0,0,0,0,0,0,0,0,0,0,0,0,0,0,0,0,0,0,0,0,0,0,0,0,0,0,0,0,0,0,0,0,0,0,0,0,58,323,477,0,548,574,0,799,604,0,0,

Romania,ROU,Patent applications - nonresidents,IP.PAT.NRES,0,0,0,0,0,0,0,0,0,0,0,0,0,0,0,0,0,0,0,0,726,681,638,487,457,379,225,291,181,191,304,361,420,628,500,421,636,722,894,330,287,277,363,293,200,68,62,59,36,37,36,39,55,53,84,78,58,80,47,58,47,0,0,

Russian Federation,RUS,Patent applications - nonresidents,IP.PAT.NRES,0,0,0,0,0,0,0,0,0,0,0,0,0,0,0,0,0,0,0,0,0,0,0,0,0,0,0,0,0,0,0,0,11850,3974,4495,6893,7980,8123,8299,7944,8960,9313,9596,9901,7205,8609,9807,11934,14137,12966,13778,14919,15510,16149,16236,16248,14792,14106,13031,12174,11225,0,0,

Rwanda,RWA,Patent applications - nonresidents,IP.PAT.NRES,0,0,0,0,0,0,0,0,0,0,0,0,0,0,0,0,0,0,0,0,3,7,2,3,6,1,1,2,5,1,4,1,2,0,3,0,0,0,0,4,0,0,0,0,0,0,0,0,0,0,0,0,30,0,7,1,3,2,1,0,0,0,0,

South Asia,SAS,Patent applications - nonresidents,IP.PAT.NRES,0,0,0,0,0,0,0,0,0,0,0,0,0,0,0,0,0,0,0,0,2355,2069,2131,208,2473,2670,2677,2708,2705,2770,3356,2999,2963,3279,3933,5973,7945,9590,8324,4157,7979,9853,10277,10707,14923,21307,25447,30920,32304,27500,32400,34830,35501,33592,31875,34396,33081,32679,34920,35351,34811,0,0,

Saudi Arabia,SAU,Patent applications - nonresidents,IP.PAT.NRES,0,0,0,0,0,0,0,0,0,0,0,0,0,0,0,0,0,0,0,0,0,0,0,0,0,0,0,0,0,58,439,492,605,729,687,718,810,1001,1286,1144,797,683,552,487,395,374,419,642,0,0,643,643,0,440,135,1691,2196,2282,2321,2463,2274,0,0,

Sudan,SDN,Patent applications - nonresidents,IP.PAT.NRES,0,0,0,0,0,0,0,0,0,0,0,0,0,0,0,0,0,0,0,0,0,0,0,67,0,0,0,0,0,0,0,0,26,0,0,0,0,0,0,4,16,13,20,11,17,16,13,13,3,2,2,3,0,0,8,1,1,12,31,7,7,0,0,

Senegal,SEN,Patent applications - nonresidents,IP.PAT.NRES,0,0,0,0,0,0,0,0,0,0,0,0,0,0,0,0,0,0,0,0,0,0,0,0,0,0,0,0,0,0,0,0,0,0,0,0,0,0,0,0,0,0,0,0,0,0,0,0,0,0,0,0,0,0,0,0,0,0,0,0,0,0,0,

Singapore,SGP,Patent applications - nonresidents,IP.PAT.NRES,0,0,0,0,0,0,0,0,0,0,0,0,0,0,0,0,0,0,0,0,631,603,0,852,927,1003,0,0,0,0,0,0,0,0,0,2412,12357,6048,6367,6679,7720,7726,7575,7248,7944,8036,8537,9255,8899,7986,8878,8738,8604,8579,9009,9345,9379,9321,10270,12409,11487,0,0,

Solomon Islands,SLB,Patent applications - nonresidents,IP.PAT.NRES,0,0,0,0,0,0,0,0,0,0,0,0,0,0,0,0,0,0,0,0,0,0,0,4,12,4,8,6,2,2,0,0,0,0,0,0,0,0,0,0,0,0,0,0,0,0,0,0,0,0,0,0,0,0,0,0,0,0,0,0,0,0,0,

Sierra Leone,SLE,Patent applications - nonresidents,IP.PAT.NRES,0,0,0,0,0,0,0,0,0,0,0,0,0,0,0,0,0,0,0,0,0,0,0,0,0,0,0,0,0,0,0,0,0,0,0,5,0,0,0,0,0,0,0,0,0,0,0,0,0,0,0,0,0,0,0,0,0,0,0,0,0,0,0,

El Salvador,SLV,Patent applications - nonresidents,IP.PAT.NRES,0,0,0,0,0,0,0,0,0,0,0,0,0,0,0,0,0,0,0,0,79,0,61,84,65,40,0,0,0,34,44,26,97,75,76,64,0,0,0,0,0,0,0,0,0,0,0,0,0,0,0,0,217,183,187,196,171,178,136,147,143,0,0,

San Marino,SMR,Patent applications - nonresidents,IP.PAT.NRES,0,0,0,0,0,0,0,0,0,0,0,0,0,0,0,0,0,0,0,0,0,0,0,0,0,0,0,0,0,0,0,0,0,0,0,0,0,0,0,0,0,0,0,0,0,0,0,0,0,0,0,0,0,155,191,296,467,604,681,741,709,0,0,

Somalia,SOM,Patent applications - nonresidents,IP.PAT.NRES,0,0,0,0,0,0,0,0,0,0,0,0,0,0,0,0,0,0,0,0,0,0,0,0,7,7,0,0,0,0,0,0,0,0,0,0,0,0,0,0,0,0,0,0,0,0,0,0,0,0,0,0,0,0,0,0,0,0,0,0,0,0,0,

Serbia,SRB,Patent applications - nonresidents,IP.PAT.NRES,0,0,0,0,0,0,0,0,0,0,0,0,0,0,0,0,0,0,0,0,0,0,0,0,0,0,0,0,0,0,0,0,0,0,0,0,0,0,0,0,0,0,0,0,694,609,273,121,237,40,39,49,32,20,10,13,21,13,11,9,8,0,0,

Sub-Saharan Africa (excluding high income),SSA,Patent applications - nonresidents,IP.PAT.NRES,0,0,0,0,0,0,0,0,0,0,0,0,0,0,0,0,0,0,0,0,0,0,0,0,0,0,0,0,0,0,0,0,0,0,0,0,0,0,0,0,0,0,0,0,0,0,0,0,0,0,0,0,0,0,0,0,0,0,0,0,0,0,0,

South Sudan,SSD,Patent applications - nonresidents,IP.PAT.NRES,0,0,0,0,0,0,0,0,0,0,0,0,0,0,0,0,0,0,0,0,0,0,0,0,0,0,0,0,0,0,0,0,0,0,0,0,0,0,0,0,0,0,0,0,0,0,0,0,0,0,0,0,0,0,0,0,0,0,0,0,0,0,0,

Sub-Saharan Africa,SSF,Patent applications - nonresidents,IP.PAT.NRES,0,0,0,0,0,0,0,0,0,0,0,0,0,0,0,0,0,0,0,0,6040,6622,7427,6374,7035,6824,5626,5348,5348,5232,5632,5036,4773,4676,5314,6202,6543,7511,7801,3748,3132,6206,6099,5716,6244,6467,7319,8161,8177,6559,5757,8066,8260,8951,8271,8015,8200,8807,8905,8704,8160,0,0,

Small states,SST,Patent applications - nonresidents,IP.PAT.NRES,0,0,0,0,0,0,0,0,0,0,0,0,0,0,0,0,0,0,0,0,0,0,0,0,0,0,0,0,0,0,0,0,0,0,0,0,0,0,0,0,0,0,0,0,0,0,0,0,0,0,0,0,0,0,0,0,0,0,0,0,0,0,0,

Sao Tome and Principe,STP,Patent applications - nonresidents,IP.PAT.NRES,0,0,0,0,0,0,0,0,0,0,0,0,0,0,0,0,0,0,0,0,0,0,0,0,0,0,0,0,0,0,0,0,0,0,0,0,0,0,0,0,0,0,0,0,0,0,0,0,0,1,1,2,0,8,3,0,238,379,408,0,0,0,0,

Suriname,SUR,Patent applications - nonresidents,IP.PAT.NRES,0,0,0,0,0,0,0,0,0,0,0,0,0,0,0,0,0,0,0,0,0,0,0,0,0,0,0,0,0,0,0,0,0,0,0,0,0,0,0,0,0,0,0,0,0,0,0,0,0,0,0,0,0,0,0,0,0,0,0,0,0,0,0,

Slovak Republic,SVK,Patent applications - nonresidents,IP.PAT.NRES,0,0,0,0,0,0,0,0,0,0,0,0,0,0,0,0,0,0,0,0,0,0,0,0,0,0,0,0,0,0,0,0,0,681,620,1400,1498,1578,1612,1683,1804,1696,1599,1437,238,95,90,106,75,63,48,33,35,26,23,28,15,23,14,28,15,0,0,

Slovenia,SVN,Patent applications - nonresidents,IP.PAT.NRES,0,0,0,0,0,0,0,0,0,0,0,0,0,0,0,0,0,0,0,0,0,0,0,0,0,0,0,0,0,0,0,1,409,784,404,116,201,238,127,138,124,107,101,60,42,29,12,15,6,12,11,11,0,0,0,0,0,0,23,0,0,0,0,

Sweden,SWE,Patent applications - nonresidents,IP.PAT.NRES,0,0,0,0,0,0,0,0,0,0,0,0,0,0,0,0,0,0,0,0,5086,3968,3442,2958,2705,2322,1939,1695,1462,1270,1073,702,657,614,636,924,857,940,753,853,844,574,597,703,462,438,413,398,306,463,353,337,148,163,441,390,352,305,442,388,432,0,0,

Eswatini,SWZ,Patent applications - nonresidents,IP.PAT.NRES,0,0,0,0,0,0,0,0,0,0,0,0,0,0,0,0,0,0,0,0,0,0,0,0,35,30,0,0,0,27,0,0,47,0,0,0,0,0,0,0,0,0,0,0,0,0,0,0,0,0,0,6,3,0,2,2,0,0,0,0,0,0,0,

Sint Maarten (Dutch part),SXM,Patent applications - nonresidents,IP.PAT.NRES,0,0,0,0,0,0,0,0,0,0,0,0,0,0,0,0,0,0,0,0,0,0,0,0,0,0,0,0,0,0,0,0,0,0,0,0,0,0,0,0,0,0,0,0,0,0,0,0,0,0,0,0,0,0,0,0,0,0,0,0,0,0,0,

Seychelles,SYC,Patent applications - nonresidents,IP.PAT.NRES,0,0,0,0,0,0,0,0,0,0,0,0,0,0,0,0,0,0,0,0,3,7,0,3,1,2,0,0,5,0,0,0,0,0,0,1,6,0,0,0,0,0,0,0,0,0,0,0,0,0,0,0,0,0,0,0,14,46,17,12,9,0,0,

Syrian Arab Republic,SYR,Patent applications - nonresidents,IP.PAT.NRES,0,0,0,0,0,0,0,0,0,0,0,0,0,0,0,0,0,0,0,0,98,76,81,0,0,0,0,0,0,0,0,0,33,40,42,68,59,46,9,0,48,39,47,36,40,34,133,0,0,0,0,0,0,0,0,0,0,16,45,32,16,0,0,

Turks and Caicos Islands,TCA,Patent applications - nonresidents,IP.PAT.NRES,0,0,0,0,0,0,0,0,0,0,0,0,0,0,0,0,0,0,0,0,0,0,0,0,0,0,0,0,0,0,0,0,0,0,0,0,0,0,0,0,0,0,0,0,0,0,0,0,0,0,0,0,0,0,0,0,0,0,0,0,0,0,0,

Chad,TCD,Patent applications - nonresidents,IP.PAT.NRES,0,0,0,0,0,0,0,0,0,0,0,0,0,0,0,0,0,0,0,0,0,0,0,0,0,0,0,0,0,0,0,0,0,0,0,0,0,0,0,0,0,0,0,0,0,0,0,0,0,0,0,0,0,0,0,0,0,0,0,0,0,0,0,

East Asia & Pacific (IDA & IBRD countries),TEA,Patent applications - nonresidents,IP.PAT.NRES,0,0,0,0,0,0,0,0,0,0,0,0,0,0,0,0,0,0,0,0,0,0,0,0,0,0,0,0,0,0,0,0,0,0,0,0,0,0,0,0,0,0,0,0,0,0,0,0,0,0,0,0,0,0,0,0,0,0,0,0,0,0,0,

Europe & Central Asia (IDA & IBRD countries),TEC,Patent applications - nonresidents,IP.PAT.NRES,0,0,0,0,0,0,0,0,0,0,0,0,0,0,0,0,0,0,0,0,0,0,0,0,0,0,0,0,0,0,0,0,0,0,0,0,0,0,0,0,0,0,0,0,0,0,0,0,0,0,0,0,0,0,0,0,0,0,0,0,0,0,0,

Togo,TGO,Patent applications - nonresidents,IP.PAT.NRES,0,0,0,0,0,0,0,0,0,0,0,0,0,0,0,0,0,0,0,0,0,0,0,0,0,0,0,0,0,0,0,0,0,0,0,0,0,0,0,0,0,0,0,0,0,0,0,0,0,0,0,0,0,0,0,0,0,0,0,0,0,0,0,

Thailand,THA,Patent applications - nonresidents,IP.PAT.NRES,0,0,0,0,0,0,0,0,0,0,0,0,0,0,0,0,0,0,0,0,202,306,331,512,619,652,634,814,1041,1381,1867,1907,1906,2353,2816,3387,4355,5148,4592,4438,4488,4798,3874,4329,4554,5449,5221,5873,5839,4832,723,2997,5726,5832,6924,7138,6722,6886,7245,7307,6662,0,0,

Tajikistan,TJK,Patent applications - nonresidents,IP.PAT.NRES,0,0,0,0,0,0,0,0,0,0,0,0,0,0,0,0,0,0,0,0,0,0,0,0,0,0,0,0,0,0,0,0,0,0,169,30,141,51,9,5,7,1,0,1,2,6,0,0,0,1,3,1,3,2,0,1,0,0,0,1,8,0,0,

Turkmenistan,TKM,Patent applications - nonresidents,IP.PAT.NRES,0,0,0,0,0,0,0,0,0,0,0,0,0,0,0,0,0,0,0,0,0,0,0,0,0,0,0,0,0,0,0,0,0,0,0,0,170,50,16,5,0,0,0,0,0,0,0,0,0,0,0,0,0,0,0,0,0,0,0,0,0,0,0,

Latin America & the Caribbean (IDA & IBRD countries),TLA,Patent applications - nonresidents,IP.PAT.NRES,0,0,0,0,0,0,0,0,0,0,0,0,0,0,0,0,0,0,0,0,0,0,0,0,0,0,0,0,0,0,0,0,0,0,0,0,0,0,0,0,0,0,0,0,0,0,0,0,0,0,0,0,0,0,0,0,0,0,0,0,0,0,0,

Timor-Leste,TLS,Patent applications - nonresidents,IP.PAT.NRES,0,0,0,0,0,0,0,0,0,0,0,0,0,0,0,0,0,0,0,0,0,0,0,0,0,0,0,0,0,0,0,0,0,0,0,0,0,0,0,0,0,0,0,0,0,0,0,0,0,0,0,0,0,0,0,0,0,0,0,0,0,0,0,

Middle East & North Africa (IDA & IBRD countries),TMN,Patent applications - nonresidents,IP.PAT.NRES,0,0,0,0,0,0,0,0,0,0,0,0,0,0,0,0,0,0,0,0,0,0,0,0,0,0,0,0,0,0,0,0,0,0,0,0,0,0,0,0,0,0,0,0,0,0,0,0,0,0,0,0,0,0,0,0,0,0,0,0,0,0,0,

Tonga,TON,Patent applications - nonresidents,IP.PAT.NRES,0,0,0,0,0,0,0,0,0,0,0,0,0,0,0,0,0,0,0,0,0,0,0,0,0,0,0,0,0,0,0,0,0,0,0,0,0,0,0,0,0,0,0,0,0,0,0,0,0,0,0,0,0,0,0,0,1,1,0,0,0,0,0,

South Asia (IDA & IBRD),TSA,Patent applications - nonresidents,IP.PAT.NRES,0,0,0,0,0,0,0,0,0,0,0,0,0,0,0,0,0,0,0,0,0,0,0,0,0,0,0,0,0,0,0,0,0,0,0,0,0,0,0,0,0,0,0,0,0,0,0,0,0,0,0,0,0,0,0,0,0,0,0,0,0,0,0,

Sub-Saharan Africa (IDA & IBRD countries),TSS,Patent applications - nonresidents,IP.PAT.NRES,0,0,0,0,0,0,0,0,0,0,0,0,0,0,0,0,0,0,0,0,0,0,0,0,0,0,0,0,0,0,0,0,0,0,0,0,0,0,0,0,0,0,0,0,0,0,0,0,0,0,0,0,0,0,0,0,0,0,0,0,0,0,0,

Trinidad and Tobago,TTO,Patent applications - nonresidents,IP.PAT.NRES,0,0,0,0,0,0,0,0,0,0,0,0,0,0,0,0,0,0,0,0,123,0,83,0,0,0,0,0,0,0,0,0,54,62,70,63,110,154,107,120,154,239,221,231,205,205,278,317,280,0,0,0,213,174,184,165,133,171,135,112,111,0,0,

Tunisia,TUN,Patent applications - nonresidents,IP.PAT.NRES,0,0,0,0,0,0,0,0,0,0,0,0,0,0,0,0,0,0,0,0,214,183,0,197,201,202,139,120,118,118,134,104,98,100,106,115,128,174,200,190,210,156,58,120,223,282,379,416,472,452,508,543,476,437,400,409,348,383,271,0,0,0,0,

Turkiye,TUR,Patent applications - nonresidents,IP.PAT.NRES,0,0,0,0,0,0,0,0,0,0,0,0,0,0,0,0,0,0,0,0,527,368,385,0,447,461,552,760,747,886,1090,1057,1063,1057,1216,1520,735,1327,2276,2744,3156,2875,1424,348,235,218,160,211,176,177,177,228,232,269,331,489,618,380,310,217,238,0,0,

Tuvalu,TUV,Patent applications - nonresidents,IP.PAT.NRES,0,0,0,0,0,0,0,0,0,0,0,0,0,0,0,0,0,0,0,0,0,0,0,0,0,0,0,0,0,0,0,0,0,0,0,0,0,0,0,0,0,0,0,0,0,0,0,0,0,0,0,0,0,0,0,0,0,0,7,10,10,0,0,

Tanzania,TZA,Patent applications - nonresidents,IP.PAT.NRES,0,0,0,0,0,0,0,0,0,0,0,0,0,0,0,0,0,0,0,0,88,0,30,57,0,30,0,0,37,23,0,0,0,0,0,0,0,0,0,0,0,3,2,1,3,3,1,4,5,3,1,2,0,3,4,1,0,0,0,0,0,0,0,

Uganda,UGA,Patent applications - nonresidents,IP.PAT.NRES,0,0,0,0,0,0,0,0,0,0,0,0,0,0,0,0,0,0,0,0,28,55,17,16,28,26,0,21,21,14,13,4,11,0,0,0,0,0,0,0,0,0,0,0,1,0,0,1,0,0,0,0,0,4,3,0,0,6,1,1,6,0,0,

Ukraine,UKR,Patent applications - nonresidents,IP.PAT.NRES,0,0,0,0,0,0,0,0,0,0,0,0,0,0,0,0,0,0,0,0,0,0,0,0,0,0,0,0,0,0,0,0,0,1909,555,1156,1257,1568,1631,1621,1604,1610,1153,1438,1689,2054,2416,2723,2872,2380,2756,2604,2464,2556,2356,2226,1862,1764,1861,1755,1822,0,0,

Upper middle income,UMC,Patent applications - nonresidents,IP.PAT.NRES,0,0,0,0,0,0,0,0,0,0,0,0,0,0,0,0,0,0,0,0,0,0,0,0,0,0,0,0,0,0,0,0,0,0,0,0,0,80200,101300,102000,97600,107100,108900,113800,129600,153700,166900,174700,185000,164900,174600,193700,207200,210500,219500,227300,219700,218400,228100,236700,225900,0,0,

Uruguay,URY,Patent applications - nonresidents,IP.PAT.NRES,0,0,0,0,0,0,0,0,0,0,0,0,0,0,0,0,0,0,0,0,213,227,157,174,147,105,124,101,144,111,0,137,140,147,151,221,182,370,469,525,572,543,466,504,514,589,725,739,706,750,761,667,678,0,639,532,0,500,0,0,0,0,0,

United States,USA,Patent applications - nonresidents,IP.PAT.NRES,0,0,0,0,0,0,0,0,0,0,0,0,0,0,0,0,0,0,0,0,42231,44009,46309,44312,49443,51562,55721,63522,68644,76337,80520,84160,90922,84241,95522,104180,105054,101282,102246,116512,131100,148958,150200,153500,167407,182866,204182,214807,224733,231194,248249,255832,274033,283781,293706,301075,310244,313052,312046,336340,327586,0,0,

Uzbekistan,UZB,Patent applications - nonresidents,IP.PAT.NRES,0,0,0,0,0,0,0,0,0,0,0,0,0,0,0,0,0,0,0,0,0,0,0,0,0,0,0,0,0,0,0,0,0,295,64,19,53,367,0,361,213,443,203,171,205,180,186,198,186,174,262,274,253,258,223,219,202,196,180,169,232,0,0,

St. Vincent and the Grenadines,VCT,Patent applications - nonresidents,IP.PAT.NRES,0,0,0,0,0,0,0,0,0,0,0,0,0,0,0,0,0,0,0,0,0,0,0,0,0,0,0,0,0,0,0,0,0,0,0,0,8,0,0,0,2,0,0,0,0,0,0,0,0,0,0,0,2,8,8,7,0,3,4,3,5,0,0,

Venezuela, RB,VEN,Patent applications - nonresidents,IP.PAT.NRES,0,0,0,0,0,0,0,0,0,0,0,0,0,0,0,0,0,0,0,0,1831,1980,1893,1482,1359,1303,1292,1369,0,1184,1090,1128,1338,1489,1505,0,1822,2323,0,0,2292,0,2150,1984,1873,2232,2439,2479,2325,2051,1773,1564,1461,1389,1377,928,560,338,0,0,0,0,

British Virgin Islands,VGB,Patent applications - nonresidents,IP.PAT.NRES,0,0,0,0,0,0,0,0,0,0,0,0,0,0,0,0,0,0,0,0,0,0,0,0,0,0,0,0,0,0,0,0,0,0,0,0,0,0,0,0,0,0,0,0,0,0,0,0,0,0,0,0,0,0,0,0,0,0,0,0,0,0,0,

Virgin Islands (U.S.),VIR,Patent applications - nonresidents,IP.PAT.NRES,0,0,0,0,0,0,0,0,0,0,0,0,0,0,0,0,0,0,0,0,0,0,0,0,0,0,0,0,0,0,0,0,0,0,0,0,0,0,0,0,0,0,0,0,0,0,0,0,0,0,0,0,0,0,0,0,0,0,0,0,0,0,0,

Vietnam,VNM,Patent applications - nonresidents,IP.PAT.NRES,0,0,0,0,0,0,0,0,0,0,0,0,0,0,0,0,0,0,0,0,0,0,0,0,0,3,2,0,2,16,17,25,49,193,270,659,929,1234,1080,1107,1205,1234,1142,1072,1328,1767,1970,2641,2995,2632,3276,3260,3423,3552,3960,4451,4668,4790,5425,6800,6674,0,0,

Vanuatu,VUT,Patent applications - nonresidents,IP.PAT.NRES,0,0,0,0,0,0,0,0,0,0,0,0,0,0,0,0,0,0,0,0,0,0,0,0,0,0,0,0,0,0,0,0,0,0,0,0,0,0,0,0,0,0,0,0,0,0,0,0,0,0,0,0,0,0,0,0,0,0,0,0,0,0,0,

World,WLD,Patent applications - nonresidents,IP.PAT.NRES,0,0,0,0,0,0,0,0,0,0,0,0,0,0,0,0,0,0,0,0,0,0,0,0,0,270700,272700,282500,294800,309000,309800,287200,307900,294100,305800,345000,380800,426100,458500,477200,502700,560400,555000,559100,601600,664400,716500,749700,767800,709500,760500,792900,836800,855400,880700,913700,909800,917900,947000,994300,972300,0,0,

Samoa,WSM,Patent applications - nonresidents,IP.PAT.NRES,0,0,0,0,0,0,0,0,0,0,0,0,0,0,0,0,0,0,0,0,2,0,0,0,0,4,0,0,0,0,0,2,0,0,0,2,3,0,0,0,0,0,0,7,2,0,0,11,0,0,0,0,0,0,99,3,0,0,0,1,2,0,0,

Kosovo,XKX,Patent applications - nonresidents,IP.PAT.NRES,0,0,0,0,0,0,0,0,0,0,0,0,0,0,0,0,0,0,0,0,0,0,0,0,0,0,0,0,0,0,0,0,0,0,0,0,0,0,0,0,0,0,0,0,0,0,0,0,0,0,0,0,0,0,0,0,0,0,0,0,0,0,0,

Yemen, Rep.,YEM,Patent applications - nonresidents,IP.PAT.NRES,0,0,0,0,0,0,0,0,0,0,0,0,0,0,0,0,0,0,0,0,0,0,0,0,0,0,0,0,0,0,0,0,0,0,0,0,0,0,16,30,22,18,19,13,27,23,34,24,0,0,55,37,49,37,24,25,16,13,0,15,8,0,

South Africa,ZAF,Patent applications - nonresidents,IP.PAT.NRES,0,0,0,0,0,0,0,0,0,0,0,0,0,0,0,0,0,0,0,0,5024,5694,6585,5479,6275,5849,5046,4844,4905,4842,4943,4654,4423,4282,4968,5482,6115,6917,7190,3002,2400,5427,5617,5303,5833,6001,6739,7402,7081,5913,5562,6589,6836,6657,6750,6608,6506,6816,6258,6347,6146,0,0,

Zambia,ZMB,Patent applications - nonresidents,IP.PAT.NRES,0,0,0,0,0,0,0,0,0,0,0,0,0,0,0,0,0,0,0,0,113,107,91,91,79,105,108,99,74,50,50,47,64,60,0,39,36,0,0,34,0,25,6,10,27,22,9,20,17,9,12,21,31,26,25,12,18,10,13,21,11,0,0,

Zimbabwe,ZWE,Patent applications - nonresidents,IP.PAT.NRES,0,0,0,0,0,0,0,0,0,0,0,0,0,0,0,0,0,0,0,0,281,274,230,237,191,205,206,200,144,138,159,128,161,136,0,125,122,0,0,0,0,0,0,0,0,0,0,0,0,0,0,0,0,0,0,19,5,0,0,0,0,0,0,

