"Country Name""""","Country Code""""","Indicator Name""""","Indicator Code""""","1960""""","1961""""","1962""""","1963""""","1964""""","1965""""","1966""""","1967""""","1968""""","1969""""","1970""""","1971""""","1972""""","1973""""","1974""""","1975""""","1976""""","1977""""","1978""""","1979""""","1980""""","1981""""","1982""""","1983""""","1984""""","1985""""","1986""""","1987""""","1988""""","1989""""","1990""""","1991""""","1992""""","1993""""","1994""""","1995""""","1996""""","1997""""","1998""""","1999""""","2000""""","2001""""","2002""""","2003""""","2004""""","2005""""","2006""""","2007""""","2008""""","2009""""","2010""""","2011""""","2012""""","2013""""","2014""""","2015""""","2016""""","2017""""","2018""""","2019""""","2020""""","2021""""","2022"""""
"Bosnia and Herzegovina,""BIH"",""Patent applications, residents"",""IP.PAT.RESD"","""","""","""","""","""","""","""","""","""","""","""","""","""","""","""","""","""","""","""","""","""","""","""","""","""","""","""","""","""","""","""","""","""","""","""","""","""","""","""",""23"",""31"",""52"","""",""32"",""50"",""66"",""55"","""",""59"","""",""56"",""43"",""2"",""7"",""41"","""",""60"",""87"",""84"",""45"",""50"","""","""","
"Belarus,""BLR"",""Patent applications, residents"",""IP.PAT.RESD"","""","""","""","""","""","""","""","""","""","""","""","""","""","""","""","""","""","""","""","""","""","""","""","""","""","""","""","""","""","""","""","""","""",""828"",""683"",""624"",""698"",""752"",""910"",""993"",""994"",""930"",""895"",""1082"",""1065"",""1166"",""1188"",""1405"",""1510"",""1753"",""1759"",""1725"",""1681"",""1489"",""652"",""543"",""455"",""434"",""453"",""298"",""317"","""","""","
"Belize,""BLZ"",""Patent applications, residents"",""IP.PAT.RESD"","""","""","""","""","""","""","""","""","""","""","""","""","""","""","""","""","""","""","""","""","""","""","""","""","""","""","""","""","""","""","""","""","""","""","""","""","""","""","""","""","""","""","""","""","""","""",""1"","""","""","""","""","""","""","""","""","""","""","""","""","""","""","""","""","
"Bermuda,""BMU"",""Patent applications, residents"",""IP.PAT.RESD"","""","""","""","""","""","""","""","""","""","""","""","""","""","""","""","""","""","""","""","""","""","""","""","""","""","""","""","""","""","""","""","""","""","""","""","""","""","""","""","""","""","""","""","""","""","""","""","""","""","""","""","""","""","""","""","""","""","""","""","""","""","""","""","
"Bolivia,""BOL"",""Patent applications, residents"",""IP.PAT.RESD"","""","""","""","""","""","""","""","""","""","""","""","""","""","""","""","""","""","""","""","""",""8"",""12"",""18"",""11"",""4"",""5"","""","""","""","""","""","""","""",""26"",""28"",""17"","""","""","""","""","""","""","""","""","""","""","""","""","""","""","""","""","""","""",""9"","""",""12"",""59"","""","""","""","""","""","
"Brazil,""BRA"",""Patent applications, residents"",""IP.PAT.RESD"","""","""","""","""","""","""","""","""","""","""","""","""","""","""","""","""","""","""","""","""",""2149"",""2171"",""2116"",""2302"",""2062"",""1954"",""1855"",""2451"",""2338"",""2323"",""2389"",""2319"",""2100"",""2429"",""2269"",""2707"",""2611"",""2756"",""2491"",""2816"",""3179"",""3439"",""3481"",""3866"",""4044"",""4054"",""3956"",""4194"",""4280"",""4271"",""4228"",""4695"",""4798"",""4959"",""4659"",""4641"",""5200"",""5480"",""4980"",""5464"",""5280"","""","""","
"Barbados,""BRB"",""Patent applications, residents"",""IP.PAT.RESD"","""","""","""","""","""","""","""","""","""","""","""","""","""","""","""","""","""","""","""","""","""","""","""","""",""3"","""","""","""","""","""","""","""","""","""","""","""","""","""","""","""","""","""","""",""2"","""","""","""",""3"",""1"","""","""","""","""",""3"",""1"","""","""","""","""","""",""29"","""","""","
"Brunei Darussalam,""BRN"",""Patent applications, residents"",""IP.PAT.RESD"","""","""","""","""","""","""","""","""","""","""","""","""","""","""","""","""","""","""","""","""","""","""","""","""","""","""","""","""","""","""","""","""","""","""","""","""","""","""","""","""","""","""","""","""","""","""","""","""","""","""","""","""",""20"",""20"",""26"","""",""16"",""8"",""26"",""8"",""5"","""","""","
"Bhutan,""BTN"",""Patent applications, residents"",""IP.PAT.RESD"","""","""","""","""","""","""","""","""","""","""","""","""","""","""","""","""","""","""","""","""","""","""","""","""","""","""","""","""","""","""","""","""","""","""","""","""","""","""","""","""","""","""","""","""","""","""","""","""","""","""","""","""",""3"",""3"","""",""1"",""4"","""",""1"",""1"","""","""","""","
"Botswana,""BWA"",""Patent applications, residents"",""IP.PAT.RESD"","""","""","""","""","""","""","""","""","""","""","""","""","""","""","""","""","""","""","""","""","""","""","""","""","""","""","""","""","""","""","""","""","""","""","""","""","""","""","""","""","""","""","""","""","""","""","""","""","""","""","""",""1"",""5"",""8"",""4"",""3"",""1"",""3"","""",""2"",""2"","""","""","
"Central African Republic,""CAF"",""Patent applications, residents"",""IP.PAT.RESD"","""","""","""","""","""","""","""","""","""","""","""","""","""","""","""","""","""","""","""","""","""","""","""","""","""","""","""","""","""","""","""","""","""","""","""","""","""","""","""","""","""","""","""","""","""","""","""","""","""","""","""","""","""","""","""","""","""","""","""","""","""","""","""","
"Canada,""CAN"",""Patent applications, residents"",""IP.PAT.RESD"","""","""","""","""","""","""","""","""","""","""","""","""","""","""","""","""","""","""","""","""",""1648"",""2164"",""2000"",""2017"",""2026"",""2092"",""2161"",""2527"",""2772"",""3031"",""2549"",""2182"",""2807"",""3623"",""2480"",""2431"",""2583"",""3344"",""3809"",""4061"",""4187"",""3963"",""3959"",""3929"",""5231"",""5183"",""5522"",""4998"",""5061"",""5067"",""4550"",""4754"",""4709"",""4567"",""4198"",""4277"",""4078"",""4053"",""4349"",""4238"",""4452"","""","""","
"Central Europe and the Baltics,""CEB"",""Patent applications, residents"",""IP.PAT.RESD"","""","""","""","""","""","""","""","""","""","""","""","""","""","""","""","""","""","""","""","""","""","""","""","""","""","""","""","""","""","""","""","""","""","""","""","""","""","""","""","""","""","""","""","""","""","""","""","""","""","""","""","""","""","""","""","""","""","""","""","""","""","""","""","
"Switzerland,""CHE"",""Patent applications, residents"",""IP.PAT.RESD"","""","""","""","""","""","""","""","""","""","""","""","""","""","""","""","""","""","""","""","""",""4049"",""3712"",""3845"",""3817"",""3393"",""3191"",""3199"",""3298"",""3236"",""3247"",""2987"",""2949"",""3068"",""2999"",""3033"",""2890"",""2504"",""2408"",""2025"",""1916"",""2083"",""1859"",""1827"",""1831"",""1742"",""1643"",""1740"",""1692"",""1594"",""1684"",""1622"",""1597"",""1480"",""1525"",""1480"",""1477"",""1462"",""1337"",""1283"",""1369"",""1384"","""","""","
"Channel Islands,""CHI"",""Patent applications, residents"",""IP.PAT.RESD"","""","""","""","""","""","""","""","""","""","""","""","""","""","""","""","""","""","""","""","""","""","""","""","""","""","""","""","""","""","""","""","""","""","""","""","""","""","""","""","""","""","""","""","""","""","""","""","""","""","""","""","""","""","""","""","""","""","""","""","""","""","""","""","
"Chile,""CHL"",""Patent applications, residents"",""IP.PAT.RESD"","""","""","""","""","""","""","""","""","""","""","""","""","""","""","""","""","""","""","""","""",""140"",""92"",""96"",""96"",""105"",""122"",""96"",""108"",""111"",""135"",""169"",""151"",""178"",""155"",""219"",""171"",""176"",""161"",""207"",""204"",""241"",""246"",""391"",""329"",""382"",""361"",""291"",""403"",""531"",""343"",""328"",""339"",""336"",""340"",""452"",""443"",""386"",""425"",""406"",""438"",""372"","""","""","
"China,""CHN"",""Patent applications, residents"",""IP.PAT.RESD"","""","""","""","""","""","""","""","""","""","""","""","""","""","""","""","""","""","""","""","""","""","""","""","""","""",""4065"",""3494"",""3975"",""4780"",""4749"",""5832"",""7372"",""10022"",""12084"",""11191"",""10011"",""11628"",""12672"",""13751"",""15626"",""25346"",""30038"",""39806"",""56769"",""65786"",""93485"",""122318"",""153060"",""194579"",""229096"",""293066"",""415829"",""535313"",""704936"",""801135"",""968252"",""1204981"",""1245709"",""1393815"",""1243568"",""1344817"","""","""","
"Cote d'Ivoire,""CIV"",""Patent applications, residents"",""IP.PAT.RESD"","""","""","""","""","""","""","""","""","""","""","""","""","""","""","""","""","""","""","""","""","""","""","""","""","""","""","""","""","""","""","""","""","""","""","""","""","""","""","""","""","""","""","""","""","""","""","""","""","""","""","""","""",""26"","""","""","""","""","""","""","""","""","""","""","
"Cameroon,""CMR"",""Patent applications, residents"",""IP.PAT.RESD"","""","""","""","""","""","""","""","""","""","""","""","""","""","""","""","""","""","""","""","""","""","""","""","""","""","""","""","""","""","""","""","""","""","""","""","""","""","""","""","""","""","""","""","""","""","""","""","""","""","""","""","""","""","""","""","""","""","""","""","""","""","""","""","
"Congo, Dem. Rep.,""COD"",""Patent applications, residents"",""IP.PAT.RESD"","""","""","""","""","""","""","""","""","""","""","""","""","""","""","""","""","""","""","""","""","""","""","""","""","""","""","""","""","""","""","""","""","""","""","""","""","""","""","""","""","""","""","""","""","""","""","""","""","""","""","""","""","""","""","""","""","""","""",""44"",""42"",""72"","""",""
Congo", Rep.,"COG""""",Patent applications," residents""""","IP.PAT.RESD""""","""","""","""","""","""","""","""","""","""","""","""","""","""","""","""","""","""","""","""","""","""","""","""","""","""","""","5""""","""","19""""","""","""","""","""","""","""","""","""","""","""","""","""","""","""","""","""","""","""","""","""","""","""","""","""","""","""","""","""","""","""","""",""""
"Colombia,""COL"",""Patent applications, residents"",""IP.PAT.RESD"","""","""","""","""","""","""","""","""","""","""","""","""","""","""","""","""","""","""","""","""",""43"",""39"","""",""82"",""69"",""72"",""81"",""52"",""85"",""90"","""",""85"",""120"",""138"",""124"",""141"",""87"",""80"",""161"",""68"",""75"",""65"",""54"",""82"",""76"",""99"",""142"",""128"",""126"",""128"",""133"",""183"",""213"",""251"",""260"",""321"",""545"",""595"",""415"",""422"",""369"","""","""","
"Comoros,""COM"",""Patent applications, residents"",""IP.PAT.RESD"","""","""","""","""","""","""","""","""","""","""","""","""","""","""","""","""","""","""","""","""","""","""","""","""","""","""","""","""","""","""","""","""","""","""","""","""","""","""","""","""","""","""","""","""","""","""","""","""","""","""","""","""","""","""","""","""","""","""","""","""","""","""","""","
"Cabo Verde,""CPV"",""Patent applications, residents"",""IP.PAT.RESD"","""","""","""","""","""","""","""","""","""","""","""","""","""","""","""","""","""","""","""","""","""","""","""","""","""","""","""","""","""","""","""","""","""","""","""","""","""","""","""","""","""","""","""","""","""","""","""","""","""","""","""","""","""","""","""","""",""2"",""2"",""3"","""",""1"","""","""","
"Costa Rica,""CRI"",""Patent applications, residents"",""IP.PAT.RESD"","""","""","""","""","""","""","""","""","""","""","""","""","""","""","""","""","""","""","""","""",""30"",""41"",""39"",""16"",""24"",""16"",""11"",""10"",""10"",""13"",""15"",""63"",""18"",""27"",""32"",""25"",""23"",""25"",""22"",""31"",""28"",""21"",""23"",""33"",""26"",""17"",""22"",""20"",""24"",""16"",""8"",""13"",""9"",""18"",""15"",""17"",""9"",""19"",""8"",""16"",""12"","""","""","
"Caribbean small states,""CSS"",""Patent applications, residents"",""IP.PAT.RESD"","""","""","""","""","""","""","""","""","""","""","""","""","""","""","""","""","""","""","""","""","""","""","""","""","""","""","""","""","""","""","""","""","""","""","""","""","""","""","""","""","""","""","""","""","""","""","""","""","""","""","""","""","""","""","""","""","""","""","""","""","""","""","""","
"Cuba,""CUB"",""Patent applications, residents"",""IP.PAT.RESD"","""","""","""","""","""","""","""","""","""","""","""","""","""","""","""","""","""","""","""","""",""129"",""122"",""183"",""166"",""214"","""","""","""","""","""","""","""",""1"",""1"",""121"",""104"",""83"",""109"","""",""110"","""","""","""","""","""",""105"",""94"",""74"",""69"",""59"","""",""62"",""38"",""27"",""24"","""",""32"",""29"",""29"",""27"",""33"","""","""","
"Curacao,""CUW"",""Patent applications, residents"",""IP.PAT.RESD"","""","""","""","""","""","""","""","""","""","""","""","""","""","""","""","""","""","""","""","""","""","""","""","""","""","""","""","""","""","""","""","""","""","""","""","""","""","""","""","""","""","""","""","""","""","""","""","""","""","""","""","""","""","""","""","""","""","""","""","""","""","""","""","
"Cayman Islands,""CYM"",""Patent applications, residents"",""IP.PAT.RESD"","""","""","""","""","""","""","""","""","""","""","""","""","""","""","""","""","""","""","""","""","""","""","""","""","""","""","""","""","""","""","""","""","""","""","""","""","""","""","""","""","""","""","""","""","""","""","""","""","""","""","""","""","""","""","""","""","""","""","""","""","""","""","""","
"Cyprus,""CYP"",""Patent applications, residents"",""IP.PAT.RESD"","""","""","""","""","""","""","""","""","""","""","""","""","""","""","""","""","""","""","""","""",""1"","""","""",""2"",""2"","""","""","""","""","""","""","""","""","""","""","""","""","""","""","""","""","""","""",""12"",""9"",""20"","""",""3"",""11"",""6"",""4"","""",""4"",""2"",""4"",""6"",""3"",""8"",""4"",""4"",""2"","""","""","
"Czechia,""CZE"",""Patent applications, residents"",""IP.PAT.RESD"","""","""","""","""","""","""","""","""","""","""","""","""","""","""","""","""","""","""","""","""","""","""","""","""","""","""","""","""","""","""","""","""","""",""893"",""756"",""626"",""614"",""579"",""624"",""596"",""555"",""568"",""526"",""625"",""623"",""586"",""641"",""716"",""712"",""789"",""868"",""783"",""867"",""984"",""910"",""880"",""792"",""794"",""678"",""765"",""673"","""","""","
"Germany,""DEU"",""Patent applications, residents"",""IP.PAT.RESD"","""","""","""","""","""","""","""","""","""","""","""","""","""","""","""","""","""","""","""","""",""28683"",""29841"",""30668"",""31658"",""31984"",""32202"",""32169"",""31597"",""31912"",""31171"",""30724"",""32256"",""33919"",""34752"",""36715"",""38103"",""42322"",""44438"",""46523"",""50029"",""51736"",""49989"",""47598"",""47818"",""48448"",""48367"",""48012"",""47853"",""49240"",""47859"",""47047"",""46986"",""46620"",""47353"",""48154"",""47384"",""48480"",""47785"",""46617"",""46632"",""42260"","""","""","
"Djibouti,""DJI"",""Patent applications, residents"",""IP.PAT.RESD"","""","""","""","""","""","""","""","""","""","""","""","""","""","""","""","""","""","""","""","""","""","""","""","""","""","""","""","""","""","""","""","""","""","""","""","""","""","""","""","""","""","""","""","""","""","""","""","""","""","""","""","""","""",""1"","""","""","""","""","""","""","""","""","""","
"Dominica,""DMA"",""Patent applications, residents"",""IP.PAT.RESD"","""","""","""","""","""","""","""","""","""","""","""","""","""","""","""","""","""","""","""","""","""","""","""","""","""","""","""","""","""","""","""","""","""","""","""","""","""","""","""","""","""","""","""","""","""","""","""","""","""","""","""","""","""","""","""","""","""","""","""","""","""","""","""","
"Denmark,""DNK"",""Patent applications, residents"",""IP.PAT.RESD"","""","""","""","""","""","""","""","""","""","""","""","""","""","""","""","""","""","""","""","""",""964"",""1085"",""1095"",""1167"",""966"",""856"",""958"",""1007"",""1197"",""1120"",""1218"",""1061"",""1204"",""1159"",""1274"",""1234"",""1309"",""1319"",""1543"",""1656"",""1730"",""1757"",""1815"",""1772"",""1877"",""1658"",""1503"",""1660"",""1634"",""1518"",""1626"",""1574"",""1406"",""1341"",""1377"",""1462"",""1552"",""1490"",""1262"",""1351"",""1261"","""","""","
"Dominican Republic,""DOM"",""Patent applications, residents"",""IP.PAT.RESD"","""","""","""","""","""","""","""","""","""","""","""","""","""","""","""","""","""","""","""","""","""","""","""",""25"","""","""",""14"","""","""","""","""","""","""","""","""","""","""","""","""","""",""5"",""11"",""11"",""18"",""24"",""8"",""15"",""34"",""8"",""17"",""15"",""15"",""19"",""12"",""16"",""25"",""28"",""20"",""17"",""23"",""10"","""","""","
"Algeria,""DZA"",""Patent applications, residents"",""IP.PAT.RESD"","""","""","""","""","""","""","""","""","""","""","""","""","""","""","""","""","""","""","""","""",""5"",""14"",""14"",""30"",""30"","""","""","""",""5"",""4"",""6"",""6"",""10"",""8"",""27"",""28"",""50"",""34"",""42"",""36"",""32"",""51"",""43"",""30"",""58"",""59"",""58"",""84"","""","""",""76"",""94"",""119"",""118"",""94"",""89"",""106"",""149"",""152"",""113"",""163"","""","""","
"East Asia & Pacific (excluding high income),""EAP"",""Patent applications, residents"",""IP.PAT.RESD"","""","""","""","""","""","""","""","""","""","""","""","""","""","""","""","""","""","""","""","""","""","""","""","""","""","""","""","""","""","""","""","""","""","""","""","""","""","""","""","""","""","""","""","""","""","""","""","""","""","""","""","""","""","""","""","""","""","""","""","""","""","""","""","
"Early-demographic dividend,""EAR"",""Patent applications, residents"",""IP.PAT.RESD"","""","""","""","""","""","""","""","""","""","""","""","""","""","""","""","""","""","""","""","""","""","""","""","""","""","""","""","""","""","""","""","""","""","""","""","""","""","""","""","""","""","""","""","""","""","""","""","""","""","""","""","""","""","""","""","""","""","""","""","""","""","""","""","
"East Asia & Pacific,""EAS"",""Patent applications, residents"",""IP.PAT.RESD"","""","""","""","""","""","""","""","""","""","""","""","""","""","""","""","""","""","""","""","""",""174842"",""8816"",""9335"",""237536"",""266660"",""282371"",""298506"",""321054"",""320456"",""330514"",""349337"",""357989"",""365512"",""367734"",""361691"",""407756"",""424249"",""435329"",""428311"",""436757"",""490611"",""496382"",""492283"",""512027"",""546382"",""596811"",""609378"",""629917"",""659377"",""667812"",""731535"",""857546"",""986823"",""1146947"",""1240339"",""1403980"",""1638504"",""1684097"",""1828229"",""1679298"",""1769228"","""","""","
"Europe & Central Asia (excluding high income),""ECA"",""Patent applications, residents"",""IP.PAT.RESD"","""","""","""","""","""","""","""","""","""","""","""","""","""","""","""","""","""","""","""","""","""","""","""","""","""","""","""","""","""","""","""","""","""","""","""","""","""","""","""","""","""","""","""","""","""","""","""","""","""","""","""","""","""","""","""","""","""","""","""","""","""","""","""","
"Europe & Central Asia,""ECS"",""Patent applications, residents"",""IP.PAT.RESD"","""","""","""","""","""","""","""","""","""","""","""","""","""","""","""","""","""","""","""","""",""99430"",""93973"",""95118"",""97368"",""97815"",""98000"",""96472"",""97601"",""100976"",""96217"",""90542"",""112316"",""161722"",""166245"",""153787"",""142426"",""163870"",""161961"",""171753"",""191401"",""204843"",""200690"",""190235"",""196039"",""199480"",""200131"",""205797"",""219661"",""224231"",""217062"",""227012"",""222070"",""223012"",""225391"",""221770"",""218330"",""224785"",""222576"",""223725"",""221382"",""215964"","""","""","
"Ecuador,""ECU"",""Patent applications, residents"",""IP.PAT.RESD"","""","""","""","""","""","""","""","""","""","""","""","""","""","""","""","""","""","""","""","""",""35"",""14"",""22"",""24"",""24"","""",""27"",""21"",""24"",""26"","""",""13"",""23"",""21"",""4"",""8"",""7"",""8"","""",""15"",""10"",""7"",""13"",""7"",""14"",""11"",""8"",""4"",""2"",""6"",""4"","""","""",""7"",""24"",""20"",""45"",""16"",""34"",""29"",""33"","""","""","
"Egypt, Arab Rep.,""EGY"",""Patent applications, residents"",""IP.PAT.RESD"","""","""","""","""","""","""","""","""","""","""","""","""","""","""","""","""","""","""","""","""",""76"",""59"",""53"",""88"",""128"",""168"",""142"",""170"",""190"",""186"",""278"",""308"",""301"",""328"",""308"",""408"",""504"","""",""494"",""536"",""534"",""464"",""627"",""493"",""382"",""428"","""",""516"",""481"",""490"",""605"",""618"",""683"",""641"",""752"",""718"",""920"",""1025"",""997"",""1027"",""978"","""",""
Euro area","EMU""""",Patent applications," residents""""","IP.PAT.RESD""""","""","""","""","""","""","""","""","""","""","""","""","""","""","""","""","""","""","""","""","""","""","""","""","""","""","""","""","""","""","""","""","""","""","""","""","""","""","""","""","""","""","""","""","""","""","""","""","""","""","""","""","""","""","""","""","""","""","""","""","""","""",""""
"Gabon,""GAB"",""Patent applications, residents"",""IP.PAT.RESD"","""","""","""","""","""","""","""","""","""","""","""","""","""","""","""","""","""","""","""","""","""","""","""","""","""","""","""","""","""","""","""","""","""","""","""","""","""","""","""","""","""","""","""","""","""","""","""","""","""","""","""","""","""","""","""","""","""","""","""","""","""","""","""","
"United Kingdom,""GBR"",""Patent applications, residents"",""IP.PAT.RESD"","""","""","""","""","""","""","""","""","""","""","""","""","""","""","""","""","""","""","""","""",""19612"",""20808"",""20530"",""19893"",""19093"",""19672"",""20040"",""19945"",""20536"",""19732"",""19310"",""19230"",""18848"",""18727"",""18384"",""18630"",""18184"",""17938"",""19530"",""21333"",""22050"",""21423"",""20624"",""20426"",""19178"",""17833"",""17484"",""17375"",""16523"",""15985"",""15490"",""15343"",""15370"",""14972"",""15196"",""14867"",""13876"",""13301"",""12865"",""12061"",""11990"","""","""","
"Georgia,""GEO"",""Patent applications, residents"",""IP.PAT.RESD"","""","""","""","""","""","""","""","""","""","""","""","""","""","""","""","""","""","""","""","""","""","""","""","""","""","""","""","""","""","""","""","""",""365"",""502"",""386"",""287"",""288"",""263"",""277"",""265"",""232"",""254"",""194"",""195"",""249"",""225"",""236"",""248"",""222"",""256"",""183"",""138"",""139"",""114"",""110"",""99"",""96"",""75"",""103"",""85"",""81"","""","""","
"Ghana,""GHA"",""Patent applications, residents"",""IP.PAT.RESD"","""","""","""","""","""","""","""","""","""","""","""","""","""","""","""","""","""","""","""","""","""","""","""","""","""","""","""","""","""","""","""","""","""","""","""","""","""","""","""","""","""","""","""","""","""","""","""","""","""","""","""","""","""","""","""","""",""14"",""15"",""13"","""",""12"","""","""","
"Gibraltar,""GIB"",""Patent applications, residents"",""IP.PAT.RESD"","""","""","""","""","""","""","""","""","""","""","""","""","""","""","""","""","""","""","""","""","""","""","""","""","""","""","""","""","""","""","""","""","""","""","""","""","""","""","""","""","""","""","""","""","""","""","""","""","""","""","""","""","""","""","""","""","""","""","""","""","""","""","""","
"Guinea,""GIN"",""Patent applications, residents"",""IP.PAT.RESD"","""","""","""","""","""","""","""","""","""","""","""","""","""","""","""","""","""","""","""","""","""","""","""","""","""","""","""","""","""","""","""","""","""","""","""","""","""","""","""","""","""","""","""","""","""","""","""","""","""","""","""","""","""","""","""","""","""","""","""","""","""","""","""","
"Gambia, The,""GMB"",""Patent applications, residents"",""IP.PAT.RESD"","""","""","""","""","""","""","""","""","""","""","""","""","""","""","""","""","""","""","""","""","""","""","""","""","""","""","""","""","""","""","""","""","""","""","""","""","""","""","""","""","""","""","""","""","""","""","""","""","""","""","""","""","""","""","""","""","""","""","""","""","""","""",""
Guinea-Bissau","GNB""""",Patent applications," residents""""","IP.PAT.RESD""""","""","""","""","""","""","""","""","""","""","""","""","""","""","""","""","""","""","""","""","""","""","""","""","""","""","""","""","""","""","""","""","""","""","""","""","""","""","""","""","""","""","""","""","""","""","""","""","""","""","""","""","""","""","""","""","""","""","""","""","""","""",""""
"Honduras,""HND"",""Patent applications, residents"",""IP.PAT.RESD"","""","""","""","""","""","""","""","""","""","""","""","""","""","""","""","""","""","""","""","""",""6"","""",""63"",""16"",""4"",""12"","""",""12"","""","""",""6"","""","""","""","""",""7"",""10"","""",""11"",""8"",""4"",""7"",""7"","""","""","""","""","""","""","""","""",""2"",""8"",""6"","""",""4"",""10"",""4"",""8"","""","""","""","""","
"Heavily indebted poor countries (HIPC),""HPC"",""Patent applications, residents"",""IP.PAT.RESD"","""","""","""","""","""","""","""","""","""","""","""","""","""","""","""","""","""","""","""","""","""","""","""","""","""","""","""","""","""","""","""","""","""","""","""","""","""","""","""","""","""","""","""","""","""","""","""","""","""","""","""","""","""","""","""","""","""","""","""","""","""","""","""","
"Croatia,""HRV"",""Patent applications, residents"",""IP.PAT.RESD"","""","""","""","""","""","""","""","""","""","""","""","""","""","""","""","""","""","""","""","""","""","""","""","""","""","""","""","""","""","""","""","""",""479"",""503"",""277"",""265"",""259"",""273"",""267"",""246"",""337"",""362"",""328"",""387"",""385"",""363"",""317"",""344"",""330"",""250"",""257"",""230"",""217"",""230"",""170"",""169"",""175"",""148"",""121"",""195"",""117"","""","""","
"Haiti,""HTI"",""Patent applications, residents"",""IP.PAT.RESD"","""","""","""","""","""","""","""","""","""","""","""","""","""","""","""","""","""","""","""","""",""4"","""",""2"",""1"",""2"",""6"",""4"",""9"",""1"","""","""",""3"","""","""","""","""",""3"","""","""",""1"","""","""","""","""","""","""","""","""","""","""","""",""1"",""2"","""",""2"","""","""","""","""","""","""","""","""","
"Hungary,""HUN"",""Patent applications, residents"",""IP.PAT.RESD"","""","""","""","""","""","""","""","""","""","""","""","""","""","""","""","""","""","""","""","""",""1601"",""2124"",""2344"",""2760"",""2869"",""2904"",""2847"",""3229"",""3262"",""2657"",""2477"",""2210"",""1497"",""1139"",""1162"",""1096"",""803"",""737"",""690"",""729"",""810"",""919"",""842"",""756"",""748"",""705"",""718"",""689"",""683"",""757"",""649"",""662"",""692"",""642"",""546"",""569"",""616"",""496"",""407"",""427"",""428"","""","""","
"IBRD only,""IBD"",""Patent applications, residents"",""IP.PAT.RESD"","""","""","""","""","""","""","""","""","""","""","""","""","""","""","""","""","""","""","""","""","""","""","""","""","""","""","""","""","""","""","""","""","""","""","""","""","""","""","""","""","""","""","""","""","""","""","""","""","""","""","""","""","""","""","""","""","""","""","""","""","""","""","""","
"IDA & IBRD total,""IBT"",""Patent applications, residents"",""IP.PAT.RESD"","""","""","""","""","""","""","""","""","""","""","""","""","""","""","""","""","""","""","""","""","""","""","""","""","""","""","""","""","""","""","""","""","""","""","""","""","""","""","""","""","""","""","""","""","""","""","""","""","""","""","""","""","""","""","""","""","""","""","""","""","""","""","""","
"IDA total,""IDA"",""Patent applications, residents"",""IP.PAT.RESD"","""","""","""","""","""","""","""","""","""","""","""","""","""","""","""","""","""","""","""","""","""","""","""","""","""","""","""","""","""","""","""","""","""","""","""","""","""","""","""","""","""","""","""","""","""","""","""","""","""","""","""","""","""","""","""","""","""","""","""","""","""","""","""","
"IDA blend,""IDB"",""Patent applications, residents"",""IP.PAT.RESD"","""","""","""","""","""","""","""","""","""","""","""","""","""","""","""","""","""","""","""","""","""","""","""","""","""","""","""","""","""","""","""","""","""","""","""","""","""","""","""","""","""","""","""","""","""","""","""","""","""","""","""","""","""","""","""","""","""","""","""","""","""","""","""","
"Indonesia,""IDN"",""Patent applications, residents"",""IP.PAT.RESD"","""","""","""","""","""","""","""","""","""","""","""","""","""","""","""","""","""","""","""","""",""5"","""",""16"",""40"",""26"",""49"",""32"",""62"","""",""113"","""",""34"",""67"",""38"",""29"",""61"",""40"",""79"",""93"",""152"",""157"",""212"",""234"",""201"",""227"",""235"",""288"",""284"",""386"",""415"",""508"",""533"","""",""663"",""702"",""1058"",""1101"",""2271"",""1407"",""3093"",""1309"","""","""","
"IDA only,""IDX"",""Patent applications, residents"",""IP.PAT.RESD"","""","""","""","""","""","""","""","""","""","""","""","""","""","""","""","""","""","""","""","""","""","""","""","""","""","""","""","""","""","""","""","""","""","""","""","""","""","""","""","""","""","""","""","""","""","""","""","""","""","""","""","""","""","""","""","""","""","""","""","""","""","""","""","
"Isle of Man,""IMN"",""Patent applications, residents"",""IP.PAT.RESD"","""","""","""","""","""","""","""","""","""","""","""","""","""","""","""","""","""","""","""","""","""","""","""","""","""","""","""","""","""","""","""","""","""","""","""","""","""","""","""","""","""","""","""","""","""","""","""","""","""","""","""","""","""","""","""","""","""","""","""","""","""","""","""","
"India,""IND"",""Patent applications, residents"",""IP.PAT.RESD"","""","""","""","""","""","""","""","""","""","""","""","""","""","""","""","""","""","""","""","""",""1207"",""1067"",""1128"","""",""1003"",""982"",""999"",""988"",""1033"",""1048"",""1147"",""1267"",""1248"",""1209"",""1588"",""1545"",""1661"",""1926"",""2247"",""2206"",""2206"",""2379"",""2693"",""3425"",""4014"",""4721"",""5686"",""6296"",""6425"",""7262"",""8853"",""8841"",""9553"",""10669"",""12040"",""12579"",""13199"",""14961"",""16289"",""19454"",""23141"","""","""","
"Not classified,""INX"",""Patent applications, residents"",""IP.PAT.RESD"","""","""","""","""","""","""","""","""","""","""","""","""","""","""","""","""","""","""","""","""","""","""","""","""","""","""","""","""","""","""","""","""","""","""","""","""","""","""","""","""","""","""","""","""","""","""","""","""","""","""","""","""","""","""","""","""","""","""","""","""","""","""","""","
"Ireland,""IRL"",""Patent applications, residents"",""IP.PAT.RESD"","""","""","""","""","""","""","""","""","""","""","""","""","""","""","""","""","""","""","""","""",""394"",""461"",""434"",""567"",""651"",""726"",""743"",""719"",""727"",""736"",""734"",""786"","""","""","""","""","""","""","""","""","""","""","""","""","""","""","""","""","""","""","""","""","""","""","""","""",""79"",""62"",""76"",""58"",""75"","""","""","
"Iran, Islamic Rep.,""IRN"",""Patent applications, residents"",""IP.PAT.RESD"","""","""","""","""","""","""","""","""","""","""","""","""","""","""","""","""","""","""","""","""",""169"",""286"",""202"",""213"",""162"",""183"","""",""207"",""167"",""141"",""182"",""262"",""225"",""278"",""266"",""278"",""288"",""284"",""337"",""366"",""410"",""691"",""910"",""1287"",""2426"",""4051"",""5970"",""10648"",""15403"",""12184"",""11108"",""11529"",""10622"",""11305"",""13683"","""",""14930"",""15264"",""11908"",""11569"",""11396"","""",""
Iraq","IRQ""""",Patent applications," residents""""","IP.PAT.RESD""""","""","""","""","""","""","""","""","""","""","""","""","""","""","""","""","""","""","""","""","""","19""""","26""""","47""""","33""""","124""""","296""""","199""""","272""""","272""""","247""""","""","""","149""""","164""""","112""""","76""""","68""""","""","""","""","""","""","""","""","""","""","""","""","""","""","""","""","""","""","""","335""""","""","613""""","653""""","737""""","635""""",""""
"Kuwait,""KWT"",""Patent applications, residents"",""IP.PAT.RESD"","""","""","""","""","""","""","""","""","""","""","""","""","""","""","""","""","""","""","""","""","""","""","""","""","""","""","""","""","""","""","""","""","""","""","""","""","""","""","""","""","""","""","""","""","""","""","""","""","""","""","""","""","""","""","""","""",""13"","""",""1"","""","""","""","""","
"Latin America & Caribbean (excluding high income),""LAC"",""Patent applications, residents"",""IP.PAT.RESD"","""","""","""","""","""","""","""","""","""","""","""","""","""","""","""","""","""","""","""","""","""","""","""","""","""","""","""","""","""","""","""","""","""","""","""","""","""","""","""","""","""","""","""","""","""","""","""","""","""","""","""","""","""","""","""","""","""","""","""","""","""","""","""","
"Lao PDR,""LAO"",""Patent applications, residents"",""IP.PAT.RESD"","""","""","""","""","""","""","""","""","""","""","""","""","""","""","""","""","""","""","""","""","""","""","""","""","""","""","""","""","""","""","""","""","""","""","""","""","""","""","""","""","""","""","""","""","""",""3"",""5"",""2"",""1"","""","""","""","""",""1"",""1"",""1"","""",""3"",""1"","""","""","""","""","
"Lebanon,""LBN"",""Patent applications, residents"",""IP.PAT.RESD"","""","""","""","""","""","""","""","""","""","""","""","""","""","""","""","""","""","""","""","""","""","""","""","""","""","""","""","""","""","""","""","""","""","""","""","""","""","""","""","""","""","""","""","""","""","""","""","""","""","""","""","""","""",""105"",""80"",""110"","""","""","""","""","""","""","""","
"Liberia,""LBR"",""Patent applications, residents"",""IP.PAT.RESD"","""","""","""","""","""","""","""","""","""","""","""","""","""","""","""","""","""","""","""","""","""","""","""","""","""","""","""","""","""","""","""",""6"","""",""14"","""","""","""","""","""","""","""","""","""","""","""","""","""","""","""","""","""","""","""","""","""","""","""","""","""","""","""","""","""","
"Libya,""LBY"",""Patent applications, residents"",""IP.PAT.RESD"","""","""","""","""","""","""","""","""","""","""","""","""","""","""","""","""","""","""","""","""","""","""","""","""","""","""","""","""","""",""3"",""10"",""25"","""",""15"",""10"",""6"",""12"","""","""","""","""","""","""","""","""","""","""","""","""","""","""","""","""","""","""","""","""","""","""","""","""","""","""","
"St. Lucia,""LCA"",""Patent applications, residents"",""IP.PAT.RESD"","""","""","""","""","""","""","""","""","""","""","""","""","""","""","""","""","""","""","""","""","""","""","""","""","""","""","""","""","""","""","""","""","""","""","""","""","""","""","""","""","""","""","""","""","""","""","""","""","""","""","""","""","""","""","""","""",""5"",""3"",""2"","""","""","""","""","
"Latin America & Caribbean,""LCN"",""Patent applications, residents"",""IP.PAT.RESD"","""","""","""","""","""","""","""","""","""","""","""","""","""","""","""","""","""","""","""","""",""4939"",""4517"",""4378"",""5389"",""5368"",""3223"",""3132"",""3808"",""3331"",""3586"",""4580"",""4504"",""3870"",""4526"",""4321"",""4405"",""4806"",""4729"",""4271"",""4719"",""5272"",""5155"",""5387"",""5786"",""6117"",""6517"",""6364"",""6606"",""6676"",""6468"",""6390"",""7230"",""7634"",""7662"",""7455"",""7561"",""8674"",""8651"",""8183"",""8364"",""8385"","""","""","
"Least developed countries: UN classification,""LDC"",""Patent applications, residents"",""IP.PAT.RESD"","""","""","""","""","""","""","""","""","""","""","""","""","""","""","""","""","""","""","""","""","""","""","""","""","""","""","""","""","""","""","""","""","""","""","""","""","""","""","""","""","""","""","""","""","""","""","""","""","""","""","""","""","""","""","""","""","""","""","""","""","""","""","""","
"Low income,""LIC"",""Patent applications, residents"",""IP.PAT.RESD"","""","""","""","""","""","""","""","""","""","""","""","""","""","""","""","""","""","""","""","""","""","""","""","""","""","""","""","""","""","""","""","""","""","""","""","""","""",""200"",""200"",""200"",""400"",""300"",""300"",""400"",""400"",""6100"",""6600"",""7300"",""8200"",""8700"",""8700"",""8500"",""9000"",""700"",""600"",""700"",""600"",""600"",""800"",""600"",""600"","""","""","
"Liechtenstein,""LIE"",""Patent applications, residents"",""IP.PAT.RESD"","""","""","""","""","""","""","""","""","""","""","""","""","""","""","""","""","""","""","""","""","""","""","""","""","""","""","""","""","""","""","""","""","""","""","""","""","""","""","""","""","""","""","""","""","""","""","""","""","""","""","""","""","""","""","""","""","""","""","""","""","""","""","""","
"Sri Lanka,""LKA"",""Patent applications, residents"",""IP.PAT.RESD"","""","""","""","""","""","""","""","""","""","""","""","""","""","""","""","""","""","""","""","""",""11"",""6"",""12"",""16"",""16"",""28"",""26"",""41"",""26"",""28"",""23"",""33"",""36"",""49"",""36"",""76"",""50"",""81"",""54"",""119"",""71"",""120"",""123"",""95"",""120"",""149"",""153"",""151"",""201"",""202"",""225"",""194"","""",""328"","""",""218"",""280"",""277"",""343"",""356"",""353"","""","""","
"Lower middle income,""LMC"",""Patent applications, residents"",""IP.PAT.RESD"","""","""","""","""","""","""","""","""","""","""","""","""","""","""","""","""","""","""","""","""","""","""","""","""","""","""","""","""","""","""","""","""","""","""","""","""","""",""9100"",""10000"",""10000"",""10200"",""12200"",""6800"",""7800"",""10200"",""10700"",""11600"",""12300"",""11800"",""11900"",""25700"",""26200"",""26100"",""28700"",""32400"",""32800"",""35100"",""38800"",""36300"",""41100"",""42400"","""","""","
"Low & middle income,""LMY"",""Patent applications, residents"",""IP.PAT.RESD"","""","""","""","""","""","""","""","""","""","""","""","""","""","""","""","""","""","""","""","""","""","""","""","""","""","""","""","""","""","""","""","""","""","""","""","""","""","""","""","""","""","""","""","""","""","""","""","""","""","""","""","""","""","""","""","""","""","""","""","""","""","""","""","
"Lesotho,""LSO"",""Patent applications, residents"",""IP.PAT.RESD"","""","""","""","""","""","""","""","""","""","""","""","""","""","""","""","""","""","""","""","""","""","""","""","""","""","""","""","""","""","""","""","""","""","""","""",""8"",""1"","""","""","""","""","""","""","""","""","""","""","""","""","""","""","""","""","""","""","""","""","""",""4"",""1"","""","""","""","
"Late-demographic dividend,""LTE"",""Patent applications, residents"",""IP.PAT.RESD"","""","""","""","""","""","""","""","""","""","""","""","""","""","""","""","""","""","""","""","""","""","""","""","""","""","""","""","""","""","""","""","""","""","""","""","""","""","""","""","""","""","""","""","""","""","""","""","""","""","""","""","""","""","""","""","""","""","""","""","""","""","""","""","
"Lithuania,""LTU"",""Patent applications, residents"",""IP.PAT.RESD"","""","""","""","""","""","""","""","""","""","""","""","""","""","""","""","""","""","""","""","""","""","""","""","""","""","""","""","""","""","""","""",""29"",""134"",""413"",""112"",""106"",""100"",""125"",""134"",""86"",""66"",""68"",""85"",""64"",""70"",""68"",""65"",""62"",""87"",""91"",""108"",""93"",""109"",""117"",""123"",""101"",""95"",""81"",""81"",""90"",""95"","""","""","
"Luxembourg,""LUX"",""Patent applications, residents"",""IP.PAT.RESD"","""","""","""","""","""","""","""","""","""","""","""","""","""","""","""","""","""","""","""","""",""97"",""109"",""94"","""",""58"",""81"",""80"",""69"",""68"",""58"",""41"",""52"","""",""73"",""50"",""35"",""52"",""48"",""44"",""24"",""85"",""51"",""41"",""16"",""23"",""24"",""26"",""15"",""48"",""60"",""79"",""85"",""109"",""113"",""128"",""128"",""143"",""156"",""152"",""117"",""129"","""","""","
"Latvia,""LVA"",""Patent applications, residents"",""IP.PAT.RESD"","""","""","""","""","""","""","""","""","""","""","""","""","""","""","""","""","""","""","""","""","""","""","""","""","""","""","""","""","""","""","""","""",""73"",""155"",""179"",""210"",""196"",""162"",""195"",""91"",""98"",""117"",""150"",""91"",""108"",""112"",""114"",""139"",""206"",""240"",""178"",""173"",""193"",""225"",""103"",""136"",""95"",""90"",""86"",""82"",""93"","""","""","
"Macao SAR, China,""MAC"",""Patent applications, residents"",""IP.PAT.RESD"","""","""","""","""","""","""","""","""","""","""","""","""","""","""","""","""","""","""","""","""","""","""","""","""","""","""","""","""","""","""","""","""","""","""","""","""","""","""","""","""","""","""","""","""","""",""3"","""",""1"",""3"",""1"",""4"",""4"",""5"",""6"",""2"",""3"","""",""1"",""1"","""",""3"","""",""
St. Martin (French part)","MAF""""",Patent applications," residents""""","IP.PAT.RESD""""","""","""","""","""","""","""","""","""","""","""","""","""","""","""","""","""","""","""","""","""","""","""","""","""","""","""","""","""","""","""","""","""","""","""","""","""","""","""","""","""","""","""","""","""","""","""","""","""","""","""","""","""","""","""","""","""","""","""","""","""","""",""""
"Portugal,""PRT"",""Patent applications, residents"",""IP.PAT.RESD"","""","""","""","""","""","""","""","""","""","""","""","""","""","""","""","""","""","""","""","""",""92"",""90"",""92"",""91"",""96"",""85"",""77"",""61"",""54"",""86"",""101"",""102"",""69"",""88"",""103"",""81"",""86"",""71"",""96"",""81"",""81"",""107"",""130"",""125"",""123"",""158"",""184"",""250"",""381"",""571"",""499"",""571"",""621"",""647"",""722"",""925"",""724"",""644"",""661"",""703"",""695"","""","""","
"Paraguay,""PRY"",""Patent applications, residents"",""IP.PAT.RESD"","""","""","""","""","""","""","""","""","""","""","""","""","""","""","""","""","""","""","""","""","""","""","""",""5"",""10"",""7"","""","""","""",""6"",""16"","""",""20"",""30"","""","""","""","""","""","""",""11"",""12"",""11"",""12"",""18"",""24"",""21"",""37"",""13"",""15"",""18"","""","""","""","""","""","""","""",""34"",""4"",""14"","""","""","
"West Bank and Gaza,""PSE"",""Patent applications, residents"",""IP.PAT.RESD"","""","""","""","""","""","""","""","""","""","""","""","""","""","""","""","""","""","""","""","""","""","""","""","""","""","""","""","""","""","""","""","""","""","""","""","""","""","""","""","""","""","""","""","""","""","""","""","""","""","""","""","""","""","""","""","""","""","""","""","""","""","""","""","
"Pacific island small states,""PSS"",""Patent applications, residents"",""IP.PAT.RESD"","""","""","""","""","""","""","""","""","""","""","""","""","""","""","""","""","""","""","""","""","""","""","""","""","""","""","""","""","""","""","""","""","""","""","""","""","""","""","""","""","""","""","""","""","""","""","""","""","""","""","""","""","""","""","""","""","""","""","""","""","""","""","""","
"Post-demographic dividend,""PST"",""Patent applications, residents"",""IP.PAT.RESD"","""","""","""","""","""","""","""","""","""","""","""","""","""","""","""","""","""","""","""","""","""","""","""","""","""","""","""","""","""","""","""","""","""","""","""","""","""","""","""","""","""","""","""","""","""","""","""","""","""","""","""","""","""","""","""","""","""","""","""","""","""","""","""","
"French Polynesia,""PYF"",""Patent applications, residents"",""IP.PAT.RESD"","""","""","""","""","""","""","""","""","""","""","""","""","""","""","""","""","""","""","""","""","""","""","""","""","""","""","""","""","""","""","""","""","""","""","""","""","""","""","""","""","""","""","""","""","""","""","""","""","""","""","""","""","""","""","""","""","""","""","""","""","""","""","""","
"Qatar,""QAT"",""Patent applications, residents"",""IP.PAT.RESD"","""","""","""","""","""","""","""","""","""","""","""","""","""","""","""","""","""","""","""","""","""","""","""","""","""","""","""","""","""","""","""","""","""","""","""","""","""","""","""","""","""","""","""","""","""","""","""","""","""","""","""","""",""3"",""9"",""5"","""",""16"",""19"","""",""39"",""81"","""","""","
"Romania,""ROU"",""Patent applications, residents"",""IP.PAT.RESD"","""","""","""","""","""","""","""","""","""","""","""","""","""","""","""","""","""","""","""","""",""2569"",""2481"",""2724"",""3108"",""3446"",""4201"",""4394"",""4821"",""5615"",""5868"",""2752"",""2015"",""1457"",""1414"",""1633"",""1811"",""1831"",""1708"",""1299"",""1061"",""1003"",""1128"",""1478"",""881"",""937"",""916"",""814"",""827"",""995"",""1054"",""1382"",""1424"",""1022"",""993"",""952"",""975"",""1005"",""1098"",""1100"",""881"",""817"","""","""","
"Russian Federation,""RUS"",""Patent applications, residents"",""IP.PAT.RESD"","""","""","""","""","""","""","""","""","""","""","""","""","""","""","""","""","""","""","""","""","""","""","""","""","""","""","""","""","""","""","""","""",""39494"",""28503"",""21250"",""17551"",""18014"",""15106"",""16454"",""19900"",""23377"",""24777"",""23712"",""24969"",""22985"",""23644"",""27884"",""27505"",""27712"",""25598"",""28722"",""26495"",""28701"",""28765"",""24072"",""29269"",""26795"",""22777"",""24926"",""23337"",""23759"","""","""","
"Rwanda,""RWA"",""Patent applications, residents"",""IP.PAT.RESD"","""","""","""","""","""","""","""","""","""","""","""","""","""","""","""","""","""","""","""","""","""","""","""","""","""","""","""","""",""1"","""","""","""","""","""","""","""","""","""","""","""","""","""","""","""","""","""","""","""","""","""","""","""",""40"","""",""5"",""5"",""3"",""4"",""6"","""","""","""","""","
"South Asia,""SAS"",""Patent applications, residents"",""IP.PAT.RESD"","""","""","""","""","""","""","""","""","""","""","""","""","""","""","""","""","""","""","""","""",""1291"",""1112"",""1180"",""56"",""1081"",""1050"",""1041"",""1052"",""1083"",""1108"",""1225"",""1358"",""1374"",""1319"",""1698"",""1715"",""1749"",""2080"",""2378"",""2418"",""2393"",""2616"",""2914"",""3635"",""4255"",""5063"",""5952"",""6585"",""6856"",""7519"",""9258"",""9172"",""9723"",""11229"",""12240"",""13059"",""13775"",""15512"",""17008"",""20192"",""23872"","""","""","
"Saudi Arabia,""SAU"",""Patent applications, residents"",""IP.PAT.RESD"","""","""","""","""","""","""","""","""","""","""","""","""","""","""","""","""","""","""","""","""","""","""","""","""","""","""","""","""","""",""12"",""16"",""27"",""21"",""21"",""33"",""28"",""27"",""57"",""45"",""72"",""76"",""46"",""61"",""56"",""81"",""119"",""119"",""128"","""","""",""288"",""347"","""",""491"",""652"",""715"",""1070"",""909"",""1078"",""1188"",""1294"","""","""","
"Sudan,""SDN"",""Patent applications, residents"",""IP.PAT.RESD"","""","""","""","""","""","""","""","""","""","""","""","""","""","""","""","""","""","""","""","""","""","""","""",""7"","""","""","""","""","""","""","""","""","""","""","""","""","""","""","""",""2"",""6"",""1"",""2"",""6"",""4"",""6"",""3"",""3"",""340"",""332"",""252"",""249"","""",""269"","""",""267"",""284"",""281"",""349"",""238"",""153"","""","""","
"Senegal,""SEN"",""Patent applications, residents"",""IP.PAT.RESD"","""","""","""","""","""","""","""","""","""","""","""","""","""","""","""","""","""","""","""","""","""","""","""","""","""","""","""","""","""","""","""","""","""","""","""","""","""","""","""","""","""","""","""","""","""","""","""","""","""","""","""","""","""","""","""","""","""","""","""","""","""","""","""","
"Singapore,""SGP"",""Patent applications, residents"",""IP.PAT.RESD"","""","""","""","""","""","""","""","""","""","""","""","""","""","""","""","""","""","""","""","""",""2"",""4"","""",""5"",""4"",""4"","""","""","""","""","""","""","""","""","""",""145"",""224"",""288"",""311"",""374"",""516"",""524"",""624"",""626"",""641"",""569"",""626"",""696"",""793"",""750"",""895"",""1056"",""1081"",""1143"",""1303"",""1469"",""1601"",""1609"",""1575"",""1727"",""1778"","""","""","
"Solomon Islands,""SLB"",""Patent applications, residents"",""IP.PAT.RESD"","""","""","""","""","""","""","""","""","""","""","""","""","""","""","""","""","""","""","""","""","""","""","""","""","""","""","""","""","""","""","""","""","""","""","""","""","""","""","""","""","""","""","""","""","""","""","""","""","""","""","""","""","""","""","""","""","""","""","""","""","""","""","""","
"Sierra Leone,""SLE"",""Patent applications, residents"",""IP.PAT.RESD"","""","""","""","""","""","""","""","""","""","""","""","""","""","""","""","""","""","""","""","""","""","""","""","""","""","""","""","""","""","""","""","""","""","""","""","""","""","""","""","""","""","""","""","""","""","""","""","""","""","""","""","""","""","""","""","""","""","""","""","""","""","""","""","
"El Salvador,""SLV"",""Patent applications, residents"",""IP.PAT.RESD"","""","""","""","""","""","""","""","""","""","""","""","""","""","""","""","""","""","""","""","""",""12"","""",""22"",""39"",""31"",""16"","""","""","""",""19"",""10"",""10"",""11"",""10"",""10"",""3"","""","""","""","""","""","""","""","""","""","""","""","""","""","""","""","""","""","""","""",""7"",""4"",""4"",""3"",""1"",""4"","""","""","
"San Marino,""SMR"",""Patent applications, residents"",""IP.PAT.RESD"","""","""","""","""","""","""","""","""","""","""","""","""","""","""","""","""","""","""","""","""","""","""","""","""","""","""","""","""","""","""","""","""","""","""","""","""","""","""","""","""","""","""","""","""","""","""","""","""","""","""","""","""","""",""11"",""4"",""7"",""12"",""14"",""14"",""11"",""9"","""","""","
"Somalia,""SOM"",""Patent applications, residents"",""IP.PAT.RESD"","""","""","""","""","""","""","""","""","""","""","""","""","""","""","""","""","""","""","""","""","""","""","""","""",""1"","""","""","""","""","""","""","""","""","""","""","""","""","""","""","""","""","""","""","""","""","""","""","""","""","""","""","""","""","""","""","""","""","""","""","""","""","""","""","
"Serbia,""SRB"",""Patent applications, residents"",""IP.PAT.RESD"","""","""","""","""","""","""","""","""","""","""","""","""","""","""","""","""","""","""","""","""","""","""","""","""","""","""","""","""","""","""","""","""","""","""","""","""","""","""","""","""","""","""","""","""",""473"",""372"",""432"",""395"",""386"",""319"",""290"",""180"",""192"",""201"",""202"",""178"",""192"",""171"",""163"",""168"",""138"","""","""","
"Sub-Saharan Africa (excluding high income),""SSA"",""Patent applications, residents"",""IP.PAT.RESD"","""","""","""","""","""","""","""","""","""","""","""","""","""","""","""","""","""","""","""","""","""","""","""","""","""","""","""","""","""","""","""","""","""","""","""","""","""","""","""","""","""","""","""","""","""","""","""","""","""","""","""","""","""","""","""","""","""","""","""","""","""","""","""","
"South Sudan,""SSD"",""Patent applications, residents"",""IP.PAT.RESD"","""","""","""","""","""","""","""","""","""","""","""","""","""","""","""","""","""","""","""","""","""","""","""","""","""","""","""","""","""","""","""","""","""","""","""","""","""","""","""","""","""","""","""","""","""","""","""","""","""","""","""","""","""","""","""","""","""","""","""","""","""","""","""","
"Sub-Saharan Africa,""SSF"",""Patent applications, residents"",""IP.PAT.RESD"","""","""","""","""","""","""","""","""","""","""","""","""","""","""","""","""","""","""","""","""",""3141"",""3393"",""3071"",""4307"",""3930"",""4122"",""4782"",""4993"",""4937"",""5178"",""1175"",""1136"",""966"",""1032"",""992"",""1005"",""908"",""428"",""277"",""221"",""948"",""996"",""1060"",""1036"",""1092"",""1124"",""935"",""1023"",""1318"",""1219"",""1181"",""1200"",""979"",""1229"",""1125"",""1515"",""1485"",""1488"",""1970"",""1745"",""1834"","""","""","
"Small states,""SST"",""Patent applications, residents"",""IP.PAT.RESD"","""","""","""","""","""","""","""","""","""","""","""","""","""","""","""","""","""","""","""","""","""","""","""","""","""","""","""","""","""","""","""","""","""","""","""","""","""","""","""","""","""","""","""","""","""","""","""","""","""","""","""","""","""","""","""","""","""","""","""","""","""","""","""","
"Sao Tome and Principe,""STP"",""Patent applications, residents"",""IP.PAT.RESD"","""","""","""","""","""","""","""","""","""","""","""","""","""","""","""","""","""","""","""","""","""","""","""","""","""","""","""","""","""","""","""","""","""","""","""","""","""","""","""","""","""","""","""","""","""","""","""","""","""","""","""","""","""","""","""","""","""","""","""","""","""","""","""","
"Suriname,""SUR"",""Patent applications, residents"",""IP.PAT.RESD"","""","""","""","""","""","""","""","""","""","""","""","""","""","""","""","""","""","""","""","""","""","""","""","""","""","""","""","""","""","""","""","""","""","""","""","""","""","""","""","""","""","""","""","""","""","""","""","""","""","""","""","""","""","""","""","""","""","""","""","""","""","""","""","
"Slovak Republic,""SVK"",""Patent applications, residents"",""IP.PAT.RESD"","""","""","""","""","""","""","""","""","""","""","""","""","""","""","""","""","""","""","""","""","""","""","""","""","""","""","""","""","""","""","""","""","""",""282"",""248"",""269"",""195"",""224"",""213"",""213"",""236"",""246"",""259"",""210"",""215"",""155"",""193"",""239"",""167"",""176"",""234"",""224"",""168"",""184"",""211"",""228"",""220"",""183"",""217"",""206"",""206"","""","""","
"Slovenia,""SVN"",""Patent applications, residents"",""IP.PAT.RESD"","""","""","""","""","""","""","""","""","""","""","""","""","""","""","""","""","""","""","""","""","""","""","""","""","""","""","""","""","""","""","""",""21"",""188"",""277"",""286"",""314"",""288"",""266"",""288"",""261"",""307"",""301"",""300"",""310"",""342"",""344"",""287"",""331"",""301"",""373"",""442"",""470"","""","""","""","""","""","""",""255"","""","""","""","""","
"Sweden,""SWE"",""Patent applications, residents"",""IP.PAT.RESD"","""","""","""","""","""","""","""","""","""","""","""","""","""","""","""","""","""","""","""","""",""4106"",""3914"",""4087"",""4283"",""3969"",""3840"",""3685"",""3521"",""3260"",""3147"",""3108"",""3154"",""3291"",""3760"",""3953"",""3941"",""4111"",""4130"",""3972"",""4142"",""4224"",""3926"",""3358"",""3025"",""2768"",""2522"",""2446"",""2527"",""2549"",""2186"",""2196"",""2004"",""2288"",""2332"",""1984"",""2038"",""2032"",""1992"",""1838"",""1802"",""1764"","""","""","
"Eswatini,""SWZ"",""Patent applications, residents"",""IP.PAT.RESD"","""","""","""","""","""","""","""","""","""","""","""","""","""","""","""","""","""","""","""","""","""","""","""","""","""","""","""","""","""","""","""","""","""","""","""","""","""","""","""","""","""","""","""","""","""","""","""","""","""","""","""","""","""","""","""","""","""","""","""","""","""","""","""","
"Sint Maarten (Dutch part),""SXM"",""Patent applications, residents"",""IP.PAT.RESD"","""","""","""","""","""","""","""","""","""","""","""","""","""","""","""","""","""","""","""","""","""","""","""","""","""","""","""","""","""","""","""","""","""","""","""","""","""","""","""","""","""","""","""","""","""","""","""","""","""","""","""","""","""","""","""","""","""","""","""","""","""","""","""","
"Seychelles,""SYC"",""Patent applications, residents"",""IP.PAT.RESD"","""","""","""","""","""","""","""","""","""","""","""","""","""","""","""","""","""","""","""","""","""","""","""","""","""","""","""","""","""","""","""","""","""","""","""","""","""","""","""","""","""","""","""","""","""","""","""","""","""","""","""","""","""","""","""","""","""","""","""","""",""3"","""","""","
"Syrian Arab Republic,""SYR"",""Patent applications, residents"",""IP.PAT.RESD"","""","""","""","""","""","""","""","""","""","""","""","""","""","""","""","""","""","""","""","""",""6"",""7"",""4"","""","""","""","""","""","""","""","""","""",""53"",""82"",""67"",""129"",""106"",""116"",""54"",""87"",""247"",""189"",""183"",""213"",""205"",""105"",""124"","""","""","""","""","""","""","""","""",""198"","""",""120"",""103"",""121"",""76"","""","""","
"Turks and Caicos Islands,""TCA"",""Patent applications, residents"",""IP.PAT.RESD"","""","""","""","""","""","""","""","""","""","""","""","""","""","""","""","""","""","""","""","""","""","""","""","""","""","""","""","""","""","""","""","""","""","""","""","""","""","""","""","""","""","""","""","""","""","""","""","""","""","""","""","""","""","""","""","""","""","""","""","""","""","""","""","
"Chad,""TCD"",""Patent applications, residents"",""IP.PAT.RESD"","""","""","""","""","""","""","""","""","""","""","""","""","""","""","""","""","""","""","""","""","""","""","""","""","""","""","""","""","""","""","""","""","""","""","""","""","""","""","""","""","""","""","""","""","""","""","""","""","""","""","""","""","""","""","""","""","""","""","""","""","""","""","""","
"East Asia & Pacific (IDA & IBRD countries),""TEA"",""Patent applications, residents"",""IP.PAT.RESD"","""","""","""","""","""","""","""","""","""","""","""","""","""","""","""","""","""","""","""","""","""","""","""","""","""","""","""","""","""","""","""","""","""","""","""","""","""","""","""","""","""","""","""","""","""","""","""","""","""","""","""","""","""","""","""","""","""","""","""","""","""","""","""","
"Europe & Central Asia (IDA & IBRD countries),""TEC"",""Patent applications, residents"",""IP.PAT.RESD"","""","""","""","""","""","""","""","""","""","""","""","""","""","""","""","""","""","""","""","""","""","""","""","""","""","""","""","""","""","""","""","""","""","""","""","""","""","""","""","""","""","""","""","""","""","""","""","""","""","""","""","""","""","""","""","""","""","""","""","""","""","""","""","
"Togo,""TGO"",""Patent applications, residents"",""IP.PAT.RESD"","""","""","""","""","""","""","""","""","""","""","""","""","""","""","""","""","""","""","""","""","""","""","""","""","""","""","""","""","""","""","""","""","""","""","""","""","""","""","""","""","""","""","""","""","""","""","""","""","""","""","""","""","""","""","""","""","""","""","""","""","""","""","""","
"Thailand,""THA"",""Patent applications, residents"",""IP.PAT.RESD"","""","""","""","""","""","""","""","""","""","""","""","""","""","""","""","""","""","""","""","""",""13"",""26"",""40"",""48"",""49"",""55"",""60"",""68"",""78"",""43"",""73"",""80"",""67"",""110"",""150"",""145"",""203"",""246"",""479"",""738"",""561"",""534"",""615"",""802"",""819"",""891"",""1040"",""945"",""902"",""1025"",""1214"",""927"",""1020"",""1572"",""1006"",""1029"",""1098"",""979"",""904"",""865"",""863"","""","""","
"Tajikistan,""TJK"",""Patent applications, residents"",""IP.PAT.RESD"","""","""","""","""","""","""","""","""","""","""","""","""","""","""","""","""","""","""","""","""","""","""","""","""","""","""","""","""","""","""","""","""","""",""5"",""24"",""35"",""30"",""23"",""37"",""38"",""45"",""83"",""39"",""30"",""32"",""30"",""26"","""","""",""11"",""7"",""4"",""3"",""2"","""","""","""","""","""",""1"","""","""","""","
"Turkmenistan,""TKM"",""Patent applications, residents"",""IP.PAT.RESD"","""","""","""","""","""","""","""","""","""","""","""","""","""","""","""","""","""","""","""","""","""","""","""","""","""","""","""","""","""","""","""","""","""","""","""","""",""66"",""52"",""41"",""44"","""","""","""","""","""","""","""","""","""","""","""","""","""","""","""","""","""","""","""","""","""","""","""","
"Latin America & the Caribbean (IDA & IBRD countries),""TLA"",""Patent applications, residents"",""IP.PAT.RESD"","""","""","""","""","""","""","""","""","""","""","""","""","""","""","""","""","""","""","""","""","""","""","""","""","""","""","""","""","""","""","""","""","""","""","""","""","""","""","""","""","""","""","""","""","""","""","""","""","""","""","""","""","""","""","""","""","""","""","""","""","""","""","""","
"Timor-Leste,""TLS"",""Patent applications, residents"",""IP.PAT.RESD"","""","""","""","""","""","""","""","""","""","""","""","""","""","""","""","""","""","""","""","""","""","""","""","""","""","""","""","""","""","""","""","""","""","""","""","""","""","""","""","""","""","""","""","""","""","""","""","""","""","""","""","""","""","""","""","""","""","""","""","""","""","""","""","
"Middle East & North Africa (IDA & IBRD countries),""TMN"",""Patent applications, residents"",""IP.PAT.RESD"","""","""","""","""","""","""","""","""","""","""","""","""","""","""","""","""","""","""","""","""","""","""","""","""","""","""","""","""","""","""","""","""","""","""","""","""","""","""","""","""","""","""","""","""","""","""","""","""","""","""","""","""","""","""","""","""","""","""","""","""","""","""","""","
"Tonga,""TON"",""Patent applications, residents"",""IP.PAT.RESD"","""","""","""","""","""","""","""","""","""","""","""","""","""","""","""","""","""","""","""","""","""","""","""","""","""","""","""","""","""","""","""","""","""","""","""","""","""","""","""","""","""","""","""","""","""","""","""","""","""","""","""","""","""","""","""","""","""","""","""","""","""","""","""","
"South Asia (IDA & IBRD),""TSA"",""Patent applications, residents"",""IP.PAT.RESD"","""","""","""","""","""","""","""","""","""","""","""","""","""","""","""","""","""","""","""","""","""","""","""","""","""","""","""","""","""","""","""","""","""","""","""","""","""","""","""","""","""","""","""","""","""","""","""","""","""","""","""","""","""","""","""","""","""","""","""","""","""","""","""","
"Sub-Saharan Africa (IDA & IBRD countries),""TSS"",""Patent applications, residents"",""IP.PAT.RESD"","""","""","""","""","""","""","""","""","""","""","""","""","""","""","""","""","""","""","""","""","""","""","""","""","""","""","""","""","""","""","""","""","""","""","""","""","""","""","""","""","""","""","""","""","""","""","""","""","""","""","""","""","""","""","""","""","""","""","""","""","""","""","""","
"Trinidad and Tobago,""TTO"",""Patent applications, residents"",""IP.PAT.RESD"","""","""","""","""","""","""","""","""","""","""","""","""","""","""","""","""","""","""","""","""",""7"","""",""10"","""","""","""","""","""","""","""","""","""",""13"",""29"",""13"",""24"",""9"",""17"","""","""","""","""",""2"","""",""3"",""1"","""",""2"",""1"","""","""","""",""2"","""",""4"",""3"",""3"","""",""4"",""1"",""1"","""","""","
"Tunisia,""TUN"",""Patent applications, residents"",""IP.PAT.RESD"","""","""","""","""","""","""","""","""","""","""","""","""","""","""","""","""","""","""","""","""",""27"",""28"","""",""19"",""12"",""14"",""28"",""26"",""20"",""26"",""27"",""26"",""22"",""42"",""39"",""31"",""45"",""41"",""38"",""67"",""47"",""22"",""45"",""35"",""46"",""56"",""77"",""76"",""76"",""105"",""113"",""137"",""150"",""112"",""142"",""180"",""235"",""172"",""180"","""","""","""","""","
"Turkiye,""TUR"",""Patent applications, residents"",""IP.PAT.RESD"","""","""","""","""","""","""","""","""","""","""","""","""","""","""","""","""","""","""","""","""",""134"",""157"",""126"","""",""153"",""132"",""174"",""138"",""153"",""162"",""138"",""148"",""189"",""169"",""151"",""170"",""189"",""203"",""207"",""276"",""277"",""337"",""414"",""489"",""682"",""928"",""1072"",""1810"",""2221"",""2555"",""3180"",""3885"",""4434"",""4392"",""4766"",""5352"",""6230"",""8175"",""7156"",""7871"",""7920"","""","""","
"Tuvalu,""TUV"",""Patent applications, residents"",""IP.PAT.RESD"","""","""","""","""","""","""","""","""","""","""","""","""","""","""","""","""","""","""","""","""","""","""","""","""","""","""","""","""","""","""","""","""","""","""","""","""","""","""","""","""","""","""","""","""","""","""","""","""","""","""","""","""","""","""","""","""","""","""","""","""","""","""","""","
"Tanzania,""TZA"",""Patent applications, residents"",""IP.PAT.RESD"","""","""","""","""","""","""","""","""","""","""","""","""","""","""","""","""","""","""","""","""","""","""","""",""1"","""","""","""","""","""","""","""","""","""","""","""","""","""","""","""","""","""","""","""","""","""","""","""","""","""","""","""","""","""","""","""",""1"","""","""","""","""","""","""","""","
"Uganda,""UGA"",""Patent applications, residents"",""IP.PAT.RESD"","""","""","""","""","""","""","""","""","""","""","""","""","""","""","""","""","""","""","""","""","""","""","""","""","""","""","""","""","""","""","""","""","""","""","""","""","""","""","""","""","""","""","""",""5"",""12"",""3"",""11"",""6"","""","""","""","""","""",""10"",""5"",""9"",""16"",""25"",""6"",""14"",""13"","""","""","
"Ukraine,""UKR"",""Patent applications, residents"",""IP.PAT.RESD"","""","""","""","""","""","""","""","""","""","""","""","""","""","""","""","""","""","""","""","""","""","""","""","""","""","""","""","""","""","""","""","""",""309"",""8687"",""5355"",""4804"",""3636"",""4688"",""5319"",""5401"",""5620"",""7208"",""1601"",""1635"",""4090"",""3538"",""3474"",""3440"",""2825"",""2434"",""2556"",""2649"",""2491"",""2856"",""2457"",""2271"",""2233"",""2283"",""2107"",""2097"",""1361"","""","""","
"Upper middle income,""UMC"",""Patent applications, residents"",""IP.PAT.RESD"","""","""","""","""","""","""","""","""","""","""","""","""","""","""","""","""","""","""","""","""","""","""","""","""","""","""","""","""","""","""","""","""","""","""","""","""","""",""37000"",""39600"",""45700"",""60000"",""66900"",""76000"",""95600"",""104800"",""135300"",""170400"",""207000"",""253900"",""284200"",""340900"",""462100"",""584600"",""754800"",""845100"",""1018100"",""1253900"",""1292700"",""1441100"",""1289800"",""1391200"","""","""","
"Uruguay,""URY"",""Patent applications, residents"",""IP.PAT.RESD"","""","""","""","""","""","""","""","""","""","""","""","""","""","""","""","""","""","""","""","""",""70"",""71"",""49"",""40"",""43"",""63"",""39"",""34"",""28"",""23"","""",""34"",""39"",""29"",""18"",""35"",""25"",""32"",""27"",""27"",""44"",""52"",""30"",""45"",""37"",""24"",""31"",""35"",""33"",""30"",""23"",""20"",""22"","""",""37"",""26"","""",""23"","""","""","""","""","""","
"United States,""USA"",""Patent applications, residents"",""IP.PAT.RESD"","""","""","""","""","""","""","""","""","""","""","""","""","""","""","""","""","""","""","""","""",""62098"",""62404"",""63316"",""59391"",""61841"",""63673"",""65195"",""68315"",""75192"",""82370"",""90643"",""87955"",""92425"",""99955"",""107233"",""123962"",""106892"",""119214"",""134733"",""149251"",""164795"",""177513"",""184245"",""188941"",""189536"",""207867"",""221784"",""241347"",""231588"",""224912"",""241977"",""247750"",""268782"",""287831"",""285096"",""288335"",""295327"",""293904"",""285095"",""285113"",""269586"","""","""","
"Uzbekistan,""UZB"",""Patent applications, residents"",""IP.PAT.RESD"","""","""","""","""","""","""","""","""","""","""","""","""","""","""","""","""","""","""","""","""","""","""","""","""","""","""","""","""","""","""","""","""","""",""2136"",""1061"",""1039"",""914"",""815"",""721"",""767"",""755"",""803"",""715"",""931"",""273"",""264"",""323"",""324"",""262"",""238"",""370"",""282"",""257"",""299"",""345"",""288"",""353"",""357"",""470"",""374"",""356"","""","""","
"St. Vincent and the Grenadines,""VCT"",""Patent applications, residents"",""IP.PAT.RESD"","""","""","""","""","""","""","""","""","""","""","""","""","""","""","""","""","""","""","""","""","""","""","""","""","""","""","""","""","""","""","""","""","""","""","""","""","""","""","""","""","""","""","""","""","""","""","""","""","""","""","""","""","""","""","""","""","""","""","""","""","""","""","""","
"Venezuela, RB,""VEN"",""Patent applications, residents"",""IP.PAT.RESD"","""","""","""","""","""","""","""","""","""","""","""","""","""","""","""","""","""","""","""","""",""236"",""176"",""174"",""625"",""875"",""227"",""282"",""312"","""",""183"",""262"",""233"",""202"",""186"",""224"","""",""182"",""201"","""","""",""56"","""",""67"",""85"",""84"",""121"",""101"",""63"",""51"",""60"",""70"",""61"",""65"",""74"",""55"",""47"",""35"",""96"","""","""","""","""",""
British Virgin Islands","VGB""""",Patent applications," residents""""","IP.PAT.RESD""""","""","""","""","""","""","""","""","""","""","""","""","""","""","""","""","""","""","""","""","""","""","""","""","""","""","""","""","""","""","""","""","""","""","""","""","""","""","""","""","""","""","""","""","""","""","""","""","""","""","""","""","""","""","""","""","""","""","""","""","""","""",""""
"South Africa,""ZAF"",""Patent applications, residents"",""IP.PAT.RESD"","""","""","""","""","""","""","""","""","""","""","""","""","""","""","""","""","""","""","""","""",""3092"",""3340"",""3017"",""4240"",""3874"",""4051"",""4730"",""4922"",""4829"",""5134"",""1093"",""1023"",""888"",""904"",""935"",""883"",""757"",""355"",""200"",""138"",""895"",""966"",""983"",""922"",""956"",""1003"",""866"",""915"",""860"",""822"",""821"",""656"",""608"",""638"",""802"",""889"",""704"",""728"",""657"",""567"",""542"","""","""","
"Zambia,""ZMB"",""Patent applications, residents"",""IP.PAT.RESD"","""","""","""","""","""","""","""","""","""","""","""","""","""","""","""","""","""","""","""","""",""2"",""1"",""1"",""1"","""","""","""","""",""7"",""3"",""7"",""1"",""7"",""4"","""",""4"",""6"","""","""",""5"","""",""6"",""3"",""3"",""1"",""5"",""4"",""19"",""26"",""9"",""5"",""3"",""7"",""13"",""14"",""20"",""15"",""12"",""11"",""2"",""16"","""","""","
"Zimbabwe,""ZWE"",""Patent applications, residents"",""IP.PAT.RESD"","""","""","""","""","""","""","""","""","""","""","""","""","""","""","""","""","""","""","""","""",""39"",""35"",""41"",""40"",""34"",""38"",""47"",""41"",""38"",""39"",""44"",""60"",""42"",""44"","""",""55"",""28"","""","""","""","""","""","""","""","""","""","""","""","""","""","""","""","""","""","""",""9"",""8"","""","""","""","""","""","""","
